pair_id,timestamp,label1,label2,same_zone,mdrac,distance,closing_speed,closing_accel,speed_diff,ttc,yaw_diff,yaw_rate,min_safe_dist,ttc_min_dist,ttc_severity_score,traj_min_dist,traj_time_horizon,traj_severity_score,env_min_dist,env_max_overlap_prob,env_time_horizon,env_severity_score,decel_initial_speed,decel_final_speed,decel_speed_change,decel_avg_deceleration,decel_max_deceleration,decel_observation_time,decel_num_frames_observed,decel_alignment,decel_severity,decel_model,link,near_miss_probability,prediction
15210096_15210111,2025-06-06 03:01:55.359879017,8,7,1,18.4737647374471,9.864809036254885,8.991738319396973,-0.0076374204496539,-1.68980073928833,1.0970970392227173,0.8952465057373047,0.4225854138327598,6.5947265625,0.0061770013346005,0.000455480327668,0.9253021571525968,1.2,0.0682020866,1.0612160016,0.4028714813999999,1.0080000000000005,0.8304828887999994,4.653387069702148,3.297701120376587,1.3556859493255615,0.4547313153743744,23.372355891242503,2.98129,30.0,0.9999999750715528,4,1.0,https://di-india-collab.flow-analytics.io/tools/replay/2025-06-06T03:01:55Z,0.6131810541559416,1
15223048_15223059,2025-06-06 03:29:53.003695965,7,7,1,21.613543957559703,9.071869850158691,9.115817070007324,-15.518390421299337,0.4167919158935547,0.995178997516632,1.5666813850402832,2.781164551646337,5.494140625,0.0999714667019687,0.0079665192674401,0.3348740434850097,0.96,0.5627517942000001,0.7638838056,0.4292920207999999,0.9840000000000004,0.8188070907999999,10.075394630432127,8.847199440002441,1.2281951904296875,0.4240175187587738,49.726490255120495,2.896567,22.0,0.99976498870358,4,1.0,https://di-india-collab.flow-analytics.io/tools/replay/2025-06-06T03:29:53Z,0.9046206525614628,1
15223048_15223059,2025-06-06 03:29:54.803642988,7,7,1,16.032769521077473,9.24081039428711,6.731336116790772,-2.37238299810358,-1.720926284790039,1.3728047609329224,4.028609275817871,-0.2094490137722188,5.494140625,0.648361574980023,0.0432143205991444,0.8181736998492435,1.44,0.1346711595799999,1.01331793,0.4057243867999998,1.176000000000001,0.5107688281999999,5.804893970489502,5.873271465301514,-0.0683774948120117,-0.0228301063179969,39.24401813431059,2.995058,24.0,0.9977711570740252,4,1.0,https://di-india-collab.flow-analytics.io/tools/replay/2025-06-06T03:29:54Z,0.8291890428558326,1
15273175_15273561,2025-06-06 04:39:41.280819893,6,4,1,3.2158126090951584,4.886030197143555,2.169595241546631,-2.240795885665904,-1.5144944190979004,2.252046823501587,2.0143046379089355,-2.60417538921788,3.32275390625,0.602841891760386,0.0299000034955712,0.6159282248160088,2.16,0.1069535819199999,1.4296016243999998,0.4710550487999999,1.1664000000000008,0.2376752528,3.7342171669006343,5.242547035217285,-1.5083298683166504,-0.8364790678024292,20.006406953762347,1.803189,17.0,0.9998042815441274,4,1.0,https://di-india-collab.flow-analytics.io/tools/replay/2025-06-06T04:39:41Z,0.5415527450720904,1
15299892_15301206,2025-06-06 05:17:43.041222095,8,4,1,10.983299673547265,7.767322540283203,4.6908159255981445,1.339485855625482,2.9176926612854004,1.6558574438095093,87.51034545898438,-60.53893868302416,6.417724609375,0.3782476473314409,0.0224608157365947,0.4005608651039593,1.68,0.2641865815999999,0.8147726862,0.4057650147999999,1.1136000000000008,0.4332763383999999,4.309641361236572,6.056706428527832,-1.7470650672912598,-1.7620441913604736,2.668823171933706,0.991499,10.0,0.9993309395683276,2,1.0,https://di-india-collab.flow-analytics.io/tools/replay/2025-06-06T05:17:43Z,0.678001023010867,1
15329618_15329869,2025-06-06 05:53:03.649228096,6,6,1,0.7933084080133389,1.8918513059616089,0.6412098407745361,4.574327452008511,2.3679699897766118,2.9504401683807373,40.95752716064453,33.62589089661247,4.000732421875,1.363069684926104,0.0578828193454774,1.3632102649647555,1.44,0.0012567522,1.488554887,0.3751391162000002,1.166400000000001,0.11931006,2.9923746585845947,0.3214855194091797,2.670889139175415,8.59323501586914,19.538955688087285,0.310813,4.0,-0.957545143550308,4,1.0,https://di-india-collab.flow-analytics.io/tools/replay/2025-06-06T05:53:03Z,0.7419070787213603,1
15363570_15363649,2025-06-06 06:25:20.144951105,7,7,1,16.182010173797607,9.283051490783691,9.328106880187988,-15.061968785514624,-1.191683650016785,0.9951699376106262,0.6714348793029785,4.187836889987332,5.64794921875,2.417566376287186,0.1969961899762167,2.4376554437614844,0.96,0.00609066608,2.049847365999999,0.3042499086,1.0176000000000007,0.7432385202000001,1.891728758811951,0.2846132218837738,1.6071155071258545,0.5365086793899536,21.355952687571502,2.995507,30.0,0.9997870138689556,4,1.0,https://di-india-collab.flow-analytics.io/tools/replay/2025-06-06T06:25:20Z,0.5122924334422271,1
15365837_15365982,2025-06-06 06:27:21.863951921,6,7,1,21.764206568400063,8.169649124145508,6.948070526123047,8.839502999550048,3.338149309158325,1.175815463066101,1.1190581321716309,0.0,4.14013671875,0.6070723534119664,0.0443550962181017,0.6435995944712367,1.2,0.2637989798,1.1969140236000009,0.3911376141999999,1.1280000000000008,0.4950099895999998,3.939016103744507,10.41265106201172,-6.473634719848633,-5.405163764953613,1.4871103056325785,1.197676,13.0,0.99967740540675,1,1.0,https://di-india-collab.flow-analytics.io/tools/replay/2025-06-06T06:27:21Z,0.6493779057378337,1
15366772_15369584,2025-06-06 06:30:29.115899086,4,6,1,9.558300400387688,9.38567066192627,4.847347736358643,3.469273938390853,4.088717460632324,1.9362486600875852,0.4476232528686523,6.364197639520756,3.80517578125,0.4334017224960519,0.0234672697168775,0.4373740471597581,1.92,0.2568467368,0.8118518893999999,0.4502660103999998,1.1280000000000008,0.4378553105999999,4.585089206695557,4.845187664031982,-0.2600984573364258,-0.9419454336166382,0.0,0.276129,3.0,0.9711790140046296,0,1.0,https://di-india-collab.flow-analytics.io/tools/replay/2025-06-06T06:30:29Z,0.5462886534677865,1
15390630_15390686,2025-06-06 06:52:08.084528923,4,4,1,10.274050774385875,3.7588436603546143,6.993208408355713,-35.40223129266995,-0.9699115753173828,0.537499189376831,2.685739517211914,-11.380745961635442,3.011962890625,0.0099496300001298,0.0011262347760228,0.4022019470987181,0.48,0.4473109936,0.6065431945,0.4324833895999999,0.6335999999999998,0.9102345662000004,6.495171070098877,5.7929229736328125,0.7022480964660645,0.2361663877964019,29.0705540152355,2.973531,29.0,0.997417573854454,4,1.0,https://di-india-collab.flow-analytics.io/tools/replay/2025-06-06T06:52:08Z,0.5296713452785945,1
15400825_15402077,2025-06-06 07:02:41.929028034,4,6,1,6.825361132621765,3.2337334156036377,2.90724778175354,-2.680200713155983,1.316693663597107,1.1123006343841553,124.88688659667967,-547.2391108643867,3.32373046875,0.2051715173395231,0.0153778633918644,0.3379345588566675,1.2,0.1786073922399999,0.3500021712000001,0.4609813786,0.9936000000000004,0.2655011138,1.829148292541504,0.1313469260931015,1.6978013515472412,0.566789448261261,21.527079132496628,2.995471,25.0,-0.988003848676993,4,1.0,https://di-india-collab.flow-analytics.io/tools/replay/2025-06-06T07:02:41Z,0.6354710855398602,1
15404145_15404233,2025-06-06 07:05:06.842231035,4,4,1,17.773075580596924,9.356818199157717,7.785915374755859,-1.6985455562786351,-0.760575532913208,1.201762080192566,12.085827827453612,-16.680239425563283,3.2138671875,0.4551361949748753,0.0327581276707552,0.4552142366190926,1.2,0.4116718033999998,0.8807066909999998,0.4604144855999999,1.1472000000000009,0.5516511023999997,1.5528948307037354,3.3809330463409424,-1.828038215637207,-0.6190654039382935,21.575688254809467,2.9529,29.0,0.9658566192440704,4,1.0,https://di-india-collab.flow-analytics.io/tools/replay/2025-06-06T07:05:06Z,0.6318255466165651,1
15422439_15423599,2025-06-06 07:24:25.478471994,8,4,1,16.329865137736004,3.946449518203736,6.815028190612793,-0.0153996533376686,5.518049240112305,0.5790804624557495,106.87004852294922,-242.27053357440437,5.489013671875,1.163969303782051,0.1303026526664205,1.214702542160086,0.48,0.00222014314,1.6182642199999986,0.3140933626000001,0.7439999999999999,0.7887254012000001,6.524759769439697,6.56416654586792,-0.0394067764282226,-0.107326865196228,0.2815177861536222,0.367166,5.0,0.9082871156263256,1,1.0,https://di-india-collab.flow-analytics.io/tools/replay/2025-06-06T07:24:25Z,0.7592084919714647,1
15436787_15437021,2025-06-06 07:39:40.558336973,4,4,1,34.43281936645508,7.056180000305176,13.636922836303713,1.365248826860175,1.7049541473388672,0.5174319744110107,163.04576110839844,1.1960056315394694,2.982666015625,0.0902121190380257,0.0106081029351019,0.5172730822789743,0.48,0.4834257788000001,0.8403966845999995,0.4404372845999999,0.6431999999999998,1.477743568,7.343994617462158,7.308082103729248,0.0359125137329101,0.0297875888645648,1.2145205944468682,1.20562,13.0,0.9731441849596476,1,1.0,https://di-india-collab.flow-analytics.io/tools/replay/2025-06-06T07:39:40Z,0.7350390481396788,1
15440633_15440723,2025-06-06 07:43:24.985085011,4,4,1,6.521145343780518,3.787572145462036,2.785994291305542,-0.958764844916084,0.0108095407485961,1.3595045804977417,174.90777587890625,-107.86325568507816,3.13232421875,1.3698788237446593,0.0923180400919365,1.3709738306710182,1.2,0.00135872358,1.5637022719999998,0.3298977988000001,1.156800000000001,0.2653975033999999,1.0983664989471436,0.7889007329940796,0.3094657659530639,0.1728253662586212,8.560892759052319,1.790627,19.0,0.8293898969851674,4,1.0,https://di-india-collab.flow-analytics.io/tools/replay/2025-06-06T07:43:24Z,0.5533293037562852,1
15479843_15480484,2025-06-06 08:24:31.812927961,4,4,1,29.88971519470215,8.996635437011719,11.797077178955078,1.12105863635783,5.886229515075684,0.7626156210899353,150.40040588378906,-16.797531076027585,2.966064453125,0.5053001674442297,0.0477268337639299,0.693583176908881,0.72,0.3320576528000001,0.8087979166000002,0.409206543,0.672,1.2635543809999994,8.993921279907227,9.037049293518066,-0.0431280136108398,-0.1436862796545028,0.3309881984129946,0.300154,4.0,0.9820846221129528,1,1.0,https://di-india-collab.flow-analytics.io/tools/replay/2025-06-06T08:24:31Z,0.9242083090935009,1
15532678_15532707,2025-06-06 09:22:47.506279944,6,4,1,12.580549049377442,5.332373142242432,5.682517051696777,1.480110318655419,-0.5060920715332031,0.9383822679519652,1.6506106853485107,-4.8574666313446935,3.36376953125,1.525309886408517,0.1283056456402141,1.6331211131794543,0.96,0.0013967998399999,1.9286084799999992,0.3027180062,1.008000000000001,0.4932183972,6.46737813949585,7.694229125976562,-1.226850986480713,-0.4206015467643738,11.828564238122036,2.916896,29.0,0.99988831543789,4,1.0,https://di-india-collab.flow-analytics.io/tools/replay/2025-06-06T09:22:47Z,0.5486782563484369,1
15556934_15556960,2025-06-06 09:46:19.026222944,6,4,1,15.144931475321451,4.686458110809326,7.543063163757324,0.9090024973530508,0.0161378383636474,0.6212937831878662,1.5666813850402832,-0.0476964150459953,3.45263671875,0.0284049034614564,0.0029710132254434,0.7452745871187864,0.72,0.1733594734,1.0268651826,0.4938066504,0.648,0.8040551308,3.410055160522461,4.703180313110352,-1.2931251525878906,-0.4325017035007477,10.873068848920743,2.989873,31.0,0.999920783749867,4,1.0,https://di-india-collab.flow-analytics.io/tools/replay/2025-06-06T09:46:19Z,0.6037394763073743,1
15578048_15578113,2025-06-06 10:06:55.764142990,4,4,1,1.989931060309876,8.064093589782715,3.62677001953125,0.6705836453601943,5.480748653411865,2.223491907119751,0.2238116264343261,-1.4638397319499312,3.18017578125,0.5991497007876985,0.0299424570704184,0.6274364424049753,2.16,0.1572229732999999,1.1858598886000002,0.4198218196,1.156800000000001,0.3457748794,7.419128894805908,2.5170938968658447,4.902034759521484,2.559191942214966,34.18967676234772,1.915462,20.0,0.9976168075953455,4,1.0,https://di-india-collab.flow-analytics.io/tools/replay/2025-06-06T10:06:55Z,0.5875861060298602,1
15613856_15614907,2025-06-06 10:47:51.570203066,4,4,1,19.739277521769207,3.894231557846069,8.084247589111328,8.24457549229431,-3.6914987564086914,0.4817061126232147,105.07854461669922,0.0,3.22216796875,1.2745838523118591,0.1593346960460474,1.3441730824692055,0.48,0.0023824816,1.8514337939999983,0.318390224,0.6719999999999999,0.8252501419999999,0.8141135573387146,0.3995650112628937,0.4145485460758209,0.165954977273941,1.172685862886703,2.497958,8.0,0.6063532808542083,1,1.0,https://di-india-collab.flow-analytics.io/tools/replay/2025-06-06T10:47:51Z,0.669752329557307,1
15619847_15620160,2025-06-06 10:53:51.355823040,4,4,1,20.150187174479168,7.38055944442749,8.210044860839844,-1.4795126294986958,0.8582711219787598,0.8989670276641846,174.68496704101562,11.002452687482023,3.16015625,2.480309389853384,0.2147724872594998,2.5705318877211027,0.72,0.00306443862,2.0676144699999988,0.2799956172,0.9696000000000004,0.6278683426,4.775229454040527,5.70234489440918,-0.9271154403686525,-0.4897580444812774,1.8540329283876376,1.893007,20.0,0.8913973369562934,1,1.0,https://di-india-collab.flow-analytics.io/tools/replay/2025-06-06T10:53:51Z,0.5601978975653572,1
15758510_15758695,2025-06-06 13:13:44.163340092,4,4,1,29.021596908569336,8.793725967407227,11.722484588623049,-1.3301889326218297,4.145947456359863,0.7501589059829712,175.63516235351562,23.25090120016168,3.134765625,1.808735628672784,0.174071592063095,1.8088343269394391,0.72,0.0061923694999999,2.0676144699999988,0.2819127082,0.8304000000000002,1.1491887199999995,7.900956153869629,10.166143417358398,-2.265187263488769,-0.8411330580711365,3.3878330325986075,2.693019,28.0,0.977548045080482,2,1.0,https://di-india-collab.flow-analytics.io/tools/replay/2025-06-06T13:13:44Z,0.5585722389304717,1
15770344_15773340,2025-06-06 13:22:42.261790990,4,4,1,14.626383781433104,3.949510335922241,8.074353218078613,-8.36191575123126,3.0995442867279053,0.4891426265239715,178.26596069335938,-63.19700275111077,3.109619140625,3.271089284304678,0.4078816912865173,3.4999101699200463,0.24,0.00248366176,2.088109557999999,0.2806110819999999,0.6863999999999997,0.8176878699999998,5.516959190368652,5.007738590240479,0.5092206001281738,0.335484117269516,2.6296284974352497,1.517868,15.0,0.7647127927090964,2,1.0,https://di-india-collab.flow-analytics.io/tools/replay/2025-06-06T13:22:42Z,0.7643887585949054,1
15783155_15783297,2025-06-06 13:29:20.516323090,8,4,1,15.937766710917154,9.679192543029783,6.514867305755615,-0.2956123523223385,3.2558302879333496,1.4857083559036257,2.797645330429077,15.229155685542798,5.27099609375,1.6572232076308808,0.1060685908716754,1.6572844941443368,1.44,0.0033198134,1.8644004059999992,0.3166007926000001,1.142400000000001,0.4676360396,7.275826930999756,7.357552051544189,-0.0817251205444336,-0.0272965915501117,18.11936871917317,2.993968,22.0,0.9494811865346648,4,1.0,https://di-india-collab.flow-analytics.io/tools/replay/2025-06-06T13:29:20Z,0.5968128081385957,1
15788450_15788570,2025-06-06 13:33:32.212172985,4,4,1,7.242995550299821,2.9498162269592285,3.7929351329803462,1.722207692024926,4.253984928131104,0.7777133584022522,16.33824920654297,8.37816700050864,3.070068359375,0.4273903663873009,0.0398524087298759,0.4558876584520643,0.72,0.2200076356000001,1.0622901754000005,0.4320647216,0.6384000000000002,0.3904523758,4.717028617858887,6.550510883331299,-1.833482265472412,-0.6313687562942505,9.7531621723448,2.90398,21.0,0.9655881685456048,4,1.0,https://di-india-collab.flow-analytics.io/tools/replay/2025-06-06T13:33:32Z,0.5455227821304333,1
15800517_15800923,2025-06-06 13:43:03.676840067,4,4,1,34.68222745259603,9.346884727478027,14.317631721496582,-0.2864077898219557,4.1533050537109375,0.6528233885765076,163.2695770263672,3.236497208499424,2.95751953125,0.1233074981382933,0.0126517529579425,0.9713786539026944,0.72,0.045404474,1.0555616998,0.3868324845999998,0.7343999999999998,1.465891184,9.200340270996094,8.667353630065918,0.5329866409301758,1.16619873046875,4.465313560980544,0.457029,6.0,0.989168140917274,3,1.0,https://di-india-collab.flow-analytics.io/tools/replay/2025-06-06T13:43:03Z,0.9295262795959095,1
15802316_15802616,2025-06-06 13:44:39.537842035,4,4,1,32.61125183105469,9.82473373413086,13.120566368103027,-0.7010006899184242,6.416713237762451,0.7488040924072266,159.8004913330078,-6.4326434197342,3.1240234375,1.0448651343513695,0.1002796333941083,1.0787687050268524,0.72,0.00709848176,1.204647314,0.3618801344,0.7632000000000001,1.2242243219999995,9.405494689941406,9.09914207458496,0.3063526153564453,0.1703113317489624,5.821254502529322,1.79878,19.0,0.9999842226454618,3,1.0,https://di-india-collab.flow-analytics.io/tools/replay/2025-06-06T13:44:39Z,0.8774176102303021,1
15811823_15811874,2025-06-06 13:53:09.439305067,7,7,1,26.02385648091634,9.612656593322754,10.401372909545898,-2.507359086812686,-3.5979578495025635,0.9241719245910645,8.504841804504395,-4.285793529126717,6.38134765625,2.048119934078317,0.1742162862638698,2.209179370209977,0.96,0.0073105132999999,2.0684703099999986,0.2998357318,1.0176000000000007,0.8292938126,1.0443785190582275,0.1356163173913955,0.9087622165679932,0.5084490776062012,56.205681732559015,1.787322,17.0,0.9963202393885452,4,1.0,https://di-india-collab.flow-analytics.io/tools/replay/2025-06-06T13:53:09Z,0.9560584037821308,1
15831838_15832035,2025-06-06 14:17:41.565191031,4,4,1,14.22088689804077,5.010605812072754,9.263748168945312,-11.316427826798176,-1.377100706100464,0.5408831834793091,12.036869049072266,4.572171200771579,3.49755859375,2.780499236396647,0.326170363097676,3.019264455235244,0.48,0.0057324093,2.0982389959999987,0.3100529479999999,0.8255999999999999,0.8915422760000002,3.684373140335083,6.961930751800537,-3.277557611465454,-1.3128883838653564,3.443621466654101,2.496448,24.0,0.9878404501951324,2,1.0,https://di-india-collab.flow-analytics.io/tools/replay/2025-06-06T14:17:41Z,0.5151570087066026,1
15834891_15835715,2025-06-06 14:21:57.901268005,4,4,1,26.332158660888677,9.15683650970459,10.399884223937988,1.321014368288009,1.5185575485229492,0.880474865436554,87.62225341796875,0.0,3.287841796875,0.6287544318963473,0.0545961034294575,1.075273266503101,0.96,0.0061980965799999,1.1646377244,0.3760760484,0.8688000000000003,0.8214641785999998,5.5687360763549805,6.367980003356934,-0.7992439270019531,-0.7901305556297302,1.0806672739197798,1.011534,11.0,0.2485341051941417,1,1.0,https://di-india-collab.flow-analytics.io/tools/replay/2025-06-06T14:21:57Z,0.7363872866929987,1
15839702_15839755,2025-06-06 14:26:32.657407999,6,4,1,19.687025388081867,7.858179092407227,8.167757034301758,0.5784923983903009,4.311922073364258,0.9620975852012634,177.4256591796875,9.444047860862534,3.219970703125,0.1131827683706383,0.0092108711531979,0.1142396302974287,0.96,0.5673564592000002,0.2262598598,0.4353724263999998,0.9696000000000004,0.6292066778000001,4.768119812011719,2.5078394412994385,2.2602803707122803,0.7548718452453613,38.416948414420375,2.994257,31.0,0.9969522745357396,4,1.0,https://di-india-collab.flow-analytics.io/tools/replay/2025-06-06T14:26:32Z,0.8288370878342071,1
15850762_15851063,2025-06-06 14:38:14.962718010,6,4,1,20.72464160919189,7.796749591827393,7.76919412612915,0.3220659879537082,-0.9910180568695068,1.0035467147827148,1.342869758605957,31.365189916390044,3.639892578125,2.4031271259269302,0.1948355976949448,2.440065396792676,0.96,0.00250892934,2.036576525999999,0.3135457638000001,1.0032000000000003,0.5593881786000001,2.033907175064087,4.281976222991943,-2.2480690479278564,-0.75373375415802,10.66383386219331,2.982577,25.0,0.999994940241384,4,1.0,https://di-india-collab.flow-analytics.io/tools/replay/2025-06-06T14:38:14Z,0.65339890374699,1
15890648_15890881,2025-06-06 15:20:50.905569077,4,4,1,25.01492500305176,8.124279022216797,13.253339767456056,-36.74966617477536,3.056313753128052,0.6129986047744751,178.76953125,-13.717541707352106,3.070068359375,1.7307049043795424,0.1878050486033434,2.242969620776564,0.48,0.00643050062,2.080908693999999,0.2870963666,0.8111999999999999,1.330677135399999,6.745835781097412,5.200634479522705,1.545201301574707,1.5381596088409424,15.196766604034476,1.004578,11.0,0.939796230951324,4,1.0,https://di-india-collab.flow-analytics.io/tools/replay/2025-06-06T15:20:50Z,0.7691514978394964,1
15897670_15897811,2025-06-06 15:28:42.934864044,4,4,1,28.329212824503585,9.579520225524902,14.285707473754885,-23.485654397549183,3.3464627265930176,0.670566737651825,172.0261993408203,-48.78434217458833,3.16259765625,0.9344383053508872,0.0957034474465318,1.2308663668081323,0.72,0.0072241517399999,1.370773884,0.3412528442,0.7680000000000001,1.2588173699999994,6.265141010284424,7.106143474578857,-0.8410024642944336,-0.2902500629425049,9.107978099030168,2.89751,27.0,0.98782243098027,4,1.0,https://di-india-collab.flow-analytics.io/tools/replay/2025-06-06T15:28:42Z,0.7460103482371551,1
15910014_15910872,2025-06-06 15:41:12.553369999,4,4,1,36.14867095947265,9.601483345031738,14.88026523590088,-0.8613225273026555,5.048476219177246,0.6452494859695435,160.58383178710938,-14.60087350081062,3.107177734375,1.759093379408914,0.1851615286970787,2.285595438564984,0.72,0.0079924736799999,2.0775851379999986,0.2857467582,0.8496000000000001,1.2661931319999993,9.75375747680664,10.334877967834473,-0.581120491027832,-0.8362889885902405,1.495234955777727,0.69488,8.0,0.9977861778840588,1,1.0,https://di-india-collab.flow-analytics.io/tools/replay/2025-06-06T15:41:12Z,0.9356335115689476,1
15919192_15920036,2025-06-06 15:50:24.182106018,4,4,1,15.72282346089681,9.827404975891112,6.742860794067383,-2.0807263738586896,2.752800703048706,1.457453370094299,173.67681884765625,-7.685805749984625,3.29736328125,1.341995864473038,0.0867532081691433,1.3436273053598669,1.44,0.00355702348,1.5767843519999991,0.3509740440000001,1.142400000000001,0.478660499,4.819096088409424,0.7015567421913147,4.117539405822754,1.3766136169433594,4.250412487680155,2.991064,31.0,0.9811667382926724,3,1.0,https://di-india-collab.flow-analytics.io/tools/replay/2025-06-06T15:50:24Z,0.5025392499226964,1
15923845_15924023,2025-06-06 15:54:49.266808033,4,4,1,30.71645784378052,9.752453804016112,12.327855110168455,0.5343676010064495,5.212934494018555,0.7910909056663513,0.5595290660858154,14.846772234995289,3.08544921875,0.773263698990357,0.0716713388589602,1.1253913469984238,0.72,0.0070191239399999,1.1854536446,0.3598604522,0.72,1.2019232219999996,7.292327404022217,12.192916870117188,-4.900589466094971,-5.469493389129639,0.0,0.895986,9.0,0.996980421298731,0,1.0,https://di-india-collab.flow-analytics.io/tools/replay/2025-06-06T15:54:49Z,0.889465018292718,1
15924050_15924333,2025-06-06 15:54:49.868200064,4,4,1,6.876721054007295,9.089829444885254,5.8733439445495605,-1.234607090929606,3.851802349090576,1.5476412773132324,175.46730041503906,9.879006844501264,3.17236328125,0.6729148101747854,0.0417690730143009,0.8909947491800423,1.44,0.0739869799999999,1.084508908,0.3707369317999999,1.190400000000001,0.4342912358000001,5.436631202697754,4.126597881317139,1.3100333213806152,0.545121967792511,6.877083100940927,2.403193,24.0,0.997206777950971,4,1.0,https://di-india-collab.flow-analytics.io/tools/replay/2025-06-06T15:54:49Z,0.5344629405464645,1
15929593_15929895,2025-06-06 16:01:03.406932116,4,4,1,13.842183426188289,3.3320472240448,8.706971168518066,-8.489682197049024,7.60113525390625,0.3826873004436493,165.2289276123047,-57.278223827281394,3.244140625,2.0028891653616614,0.2880951802226656,2.003466647764223,0.24,0.0043155988599999,2.0873214399999984,0.3213581033999999,0.7055999999999998,0.920082972,9.145953178405762,9.26039218902588,-0.1144390106201171,-0.2935033440589905,2.9012813328564264,0.389907,5.0,0.8372856397813963,2,1.0,https://di-india-collab.flow-analytics.io/tools/replay/2025-06-06T16:01:03Z,0.9080853133266382,1
15944708_15944783,2025-06-06 16:15:08.646789074,4,4,1,3.910939687291916,9.71217918395996,3.980302333831787,-1.6242365284766374,8.067501068115234,2.440060615539551,2.2381162643432617,13.950360617727082,3.082275390625,0.2947198135685313,0.0138658648716828,0.3309587457769477,2.4,0.2681552125999999,0.4128946404000001,0.4208191724,1.1184000000000007,0.3984832773999999,9.487667083740234,0.6658743619918823,8.821792602539062,3.030165195465088,15.457379645884776,2.911324,19.0,0.9999949191753268,4,1.0,https://di-india-collab.flow-analytics.io/tools/replay/2025-06-06T16:15:08Z,0.5239235721677343,1
15970582_15970863,2025-06-06 16:41:36.230115891,4,4,1,41.05352478027344,9.951689720153809,17.123594284057617,-0.7998014218898041,8.520930290222168,0.5811682939529419,168.30532836914062,-33.755016306341815,3.210205078125,2.1223485987535065,0.2380800618971805,2.494020975252614,0.48,0.0080773056799999,2.080908693999999,0.3143185878,0.8399999999999997,1.4105436939999991,11.585994720458984,11.817251205444336,-0.2312564849853515,-0.5745360255241394,0.0,0.40251,5.0,0.9902615397837512,0,1.0,https://di-india-collab.flow-analytics.io/tools/replay/2025-06-06T16:41:36Z,0.9489086013191874,1
15973010_15973025,2025-06-06 16:45:23.533963918,4,4,1,13.319591522216797,7.599759578704834,5.9988932609558105,-2.1263257272838936,5.400534152984619,1.2668602466583252,121.97733306884766,-15.303014091941789,3.14697265625,1.383228236076881,0.0972291129050777,1.3915398183944891,1.2,0.0015557156399999,1.6246554719999995,0.3134603996000001,1.142400000000001,0.449438182,6.654867649078369,0.2090428620576858,6.44582462310791,2.197657823562622,7.882112151267886,2.933043,30.0,0.9508335960503768,4,1.0,https://di-india-collab.flow-analytics.io/tools/replay/2025-06-06T16:45:23Z,0.5403811939465076,1
15982920_15983012,2025-06-06 16:56:19.023736954,8,7,1,8.881396601932641,9.48517608642578,4.786742210388184,13.481717661058282,5.464809417724609,1.9815515279769895,1.342869758605957,0.7258181603720435,6.47802734375,0.1368695946795345,0.0072508423124232,0.3231082261120108,1.92,0.2927676319999999,0.7594071828,0.4407237439999999,1.142400000000001,0.5146107556,9.079950332641602,0.2516782581806183,8.828271865844727,2.954421281814575,45.1889527771039,2.988156,25.0,0.9999020861725734,4,1.0,https://di-india-collab.flow-analytics.io/tools/replay/2025-06-06T16:56:19Z,0.8459246616441197,1
15982920_15983012,2025-06-06 16:56:20.516999960,8,7,1,18.737351735432945,9.512821197509766,5.62948751449585,-3.766953661220796,-0.0185234546661376,1.6898200511932373,0.2238116264343261,-1.3524591530177326,6.47802734375,0.1739098670702324,0.0101474310741926,0.1815498597149009,1.68,0.4130792906,0.7202980569,0.4320490603999999,1.1568000000000012,0.5337823542000002,2.561704397201538,2.610609531402588,-0.0489051342010498,-0.0168083477765321,33.367181982391934,2.909574,25.0,0.9999300811275555,4,1.0,https://di-india-collab.flow-analytics.io/tools/replay/2025-06-06T16:56:20Z,0.6678304607848492,1
15996825_15997979,2025-06-06 17:13:11.518059968,4,4,1,13.927868048350016,4.363041877746582,5.713551998138428,-0.6766437911201252,4.9826741218566895,0.7636303901672363,1.9023988246917725,4.276585472162909,3.00146484375,0.3078966329302403,0.0289579567943849,0.3831986970947032,0.72,0.3202221736,0.5114522715999998,0.4172879062,0.6768000000000001,0.7641057168000002,8.12177562713623,8.206633567810059,-0.0848579406738281,-0.3867921233177185,2.9165631885805032,0.219389,3.0,0.9984069084629128,2,1.0,https://di-india-collab.flow-analytics.io/tools/replay/2025-06-06T17:13:11Z,0.8927181262229527,1
15999614_16001800,2025-06-06 17:19:25.938047886,4,4,1,13.652811686197916,8.277239799499512,6.048506736755371,-2.556408740246753,6.700811386108398,1.368476629257202,2.350022077560425,-2.631008331725494,3.202392578125,2.105110583189803,0.1417368865320062,2.163696557789343,1.2,0.0014983970999999,1.952991585999999,0.3112920978,1.1472000000000009,0.4531232444,7.261181354522705,3.558226585388184,3.7029547691345215,2.301178216934204,5.020523639001821,1.609156,13.0,0.9506130856105404,3,1.0,https://di-india-collab.flow-analytics.io/tools/replay/2025-06-06T17:19:25Z,0.5560386245368835,1
15999614_16001800,2025-06-06 17:19:27.041930914,4,4,1,6.234368473044656,4.903020858764648,3.3455398082733154,-2.644239608023993,4.002594947814941,1.465539574623108,0.8952465057373047,3.704696101780422,3.202392578125,2.0120573701529363,0.1300091243418437,2.013231151758326,1.2,0.0013333788,1.909287943999999,0.3096324617999999,1.1472000000000009,0.3265866826,5.024324893951416,3.558226585388184,1.4660983085632324,2.901596546173096,5.020523639001821,0.505273,6.0,0.9251386272598028,3,1.0,https://di-india-collab.flow-analytics.io/tools/replay/2025-06-06T17:19:27Z,0.5698846433676897,1
16008210_16008371,2025-06-06 17:23:50.378315926,4,4,1,29.12049150466919,8.721213340759277,11.595621109008787,0.6409136077183948,4.374769687652588,0.752112627029419,161.5919952392578,-29.190199874933565,3.14990234375,0.3046785950920848,0.0289139065123517,0.4731094627903134,0.72,0.5171472882000002,0.8509992563999996,0.4468890836,0.6864,1.1258733347999992,6.555079460144043,8.49081802368164,-1.9357385635375977,-7.131420612335205,0.0,0.271438,4.0,0.999824986554862,0,1.0,https://di-india-collab.flow-analytics.io/tools/replay/2025-06-06T17:23:50Z,0.9305385619142083,1
16009207_16009655,2025-06-06 17:23:32.633681059,4,4,1,23.92166976928711,8.433853149414062,10.047785758972168,-2.869328792634088,10.094840049743652,0.839374303817749,24.367490768432617,-36.94927944672583,2.97216796875,0.5863120092115767,0.0523565044083591,1.3010918339303708,0.72,0.0102603012999999,1.2517794112000002,0.3272139776000001,0.8832000000000003,0.7624963283999997,11.058889389038086,8.630553245544434,2.4283361434936523,1.4262306690216064,12.138854694162475,1.702625,18.0,0.9938684371991964,4,1.0,https://di-india-collab.flow-analytics.io/tools/replay/2025-06-06T17:23:32Z,0.7975467241090419,1
16012485_16015730,2025-06-06 17:28:42.912858009,4,4,1,27.40725262959798,6.248906135559082,11.070106506347656,-1.1170018769524834,5.284214973449707,0.564484715461731,158.34571838378906,-17.377402992374446,3.222412109375,1.047947874753678,0.1190254649237055,1.3006720862602394,0.48,0.00625139114,1.5013864629999998,0.3278113748,0.7535999999999998,1.1203399981999995,7.932033538818359,8.583921432495117,-0.6518878936767578,-0.8173743486404419,0.0,0.797539,9.0,0.9986909771420448,0,1.0,https://di-india-collab.flow-analytics.io/tools/replay/2025-06-06T17:28:42Z,0.8472031518074803,1
16037156_16037587,2025-06-06 17:51:37.661300898,8,4,1,24.375593662261963,9.622897148132324,11.103302001953123,-7.188750717130192,1.7592782974243164,0.8666698336601257,137.196533203125,-51.33139904302767,7.079345703125,4.233611559756956,0.3760795538473812,4.241627363061583,0.72,0.0070012444399999,2.0676144699999988,0.2990455576,0.9504000000000004,1.0508997667999995,6.031170845031738,8.01059341430664,-1.9794225692749023,-0.661483108997345,6.122822601121322,2.992401,23.0,0.9976067764426952,3,1.0,https://di-india-collab.flow-analytics.io/tools/replay/2025-06-06T17:51:37Z,0.762444943086564,1
16145028_16145053,2025-06-06 20:48:58.590778112,4,4,1,30.34527244567871,8.943798065185547,13.464015007019045,-6.83273796609496,5.283207416534424,0.6642742156982422,138.8740997314453,-6.092976435988622,2.95703125,1.799304637383125,0.1861718076430254,2.1276368007764077,0.72,0.00626555548,2.0775851379999986,0.288008333,0.8400000000000002,1.2229145459999995,10.534584999084473,3.1279776096343994,7.406607627868652,2.540989398956299,5.521061929708481,2.914852,30.0,0.9974337658026164,3,1.0,https://di-india-collab.flow-analytics.io/tools/replay/2025-06-06T20:48:58Z,0.5523468739815834,1
