pair_id,timestamp,label1,label2,link,same_zone,mdrac,distance,closing_speed,closing_accel,speed_diff,ttc,yaw_diff,yaw_rate,min_safe_dist,ttc_min_dist,ttc_severity_score,traj_min_dist,traj_time_horizon,traj_severity_score,env_min_dist,env_max_overlap_prob,env_time_horizon,env_severity_score,decel_initial_speed,decel_final_speed,decel_speed_change,decel_avg_deceleration,decel_max_deceleration,decel_observation_time,decel_num_frames_observed,decel_alignment,decel_severity,decel_model,near_miss_probability,prediction
10296306_10296324,2025-06-01 00:26:08.156613111,4,4,https://di-india-collab.flow-analytics.io/tools/replay/2025-06-01T00:26:08Z,1,0.8179747920138885,6.923519134521484,2.487703561782837,0.1946872036451056,2.423372745513916,2.7830965518951416,1.9023988246917725,-2.4378874921285623,3.24267578125,1.2508662468508196,0.0549661134635404,1.257828959519636,2.64,0.0015262886,1.5607465839999992,0.3765006886000001,1.1520000000000008,0.2766568208,9.155741,8.122823,1.032918,1.0418056,2.8715798042587948,0.991469,11,0.995348529679051,2,1.0,0.951483200368764,1
10300754_10300768,2025-06-01 00:36:55.265007973,6,4,https://di-india-collab.flow-analytics.io/tools/replay/2025-06-01T00:36:55Z,1,1.3656044336595627,5.444101810455322,2.397563934326172,2.034403721448471,-1.2937040328979492,2.2706806659698486,0.6714348793029785,2.939454964840961,3.47119140625,0.0834769266437132,0.0040634127079761,0.2769929559686488,2.16,0.18680896466,0.59483909278,0.426222932,1.1376000000000008,0.2660948711999999,7.3703423,5.593381,1.7769613,0.6364192,51.226039748276925,2.7921240000000003,27,0.9984229271274396,4,1.0,0.9458502124801943,1
10300754_10300768,2025-06-01 00:36:56.363578081,6,4,https://di-india-collab.flow-analytics.io/tools/replay/2025-06-01T00:36:56Z,1,2.269594832946394,4.342170715332031,3.2721681594848637,-2.3382958111047216,0.8138523101806641,1.3270010948181152,1.7904930114746094,-0.9408167774892884,3.47119140625,0.0881769969204401,0.0059140370146453,0.381936785355656,1.44,0.2114243893599999,0.5951516772000001,0.4527734422,1.1232000000000009,0.3041739686,9.926697,5.593381,4.333316,2.5587113,51.226039748276925,1.693554,17,0.9998204830374802,4,1.0,0.9988445810250836,1
10300754_10300768,2025-06-01 00:37:02.048763037,6,4,https://di-india-collab.flow-analytics.io/tools/replay/2025-06-01T00:37:02Z,1,0.0821674585603446,4.910452842712402,1.052417516708374,1.4254420587694667,0.4057393074035644,4.665879249572754,0.4476232528686523,-0.4873609299365284,3.47119140625,3.0190865019604614,0.0981053865224944,3.019230681191816,2.88,0.00132001968,1.8534141659999996,0.3689784304000001,1.1424000000000007,0.1455655599,7.047802,7.1735497,-0.12574768,-0.11445071,6.569598433251777,1.098706,12,0.9999578366741592,4,1.0,0.9695707500687165,1
10313335_10313651,2025-06-01 01:12:35.129637957,4,4,https://di-india-collab.flow-analytics.io/tools/replay/2025-06-01T01:12:35Z,1,0.6202990379405057,9.99258041381836,2.861247301101685,-1.938564587726702,3.2183637619018555,3.492386102676392,4.70004415512085,2.231956221409108,3.2744140625,0.5890741286788073,0.0224906914949363,0.6817752877816741,3.6,0.1260554643800001,1.1698415442000003,0.4311813849999998,1.156800000000001,0.2772011394,9.596355,8.4711685,1.1251869,0.8615018,2.6916113864413123,1.306076,14,0.9829312517098432,2,1.0,0.9435032041698134,1
10414041_10414056,2025-06-01 06:01:42.705599070,4,4,https://di-india-collab.flow-analytics.io/tools/replay/2025-06-01T06:01:42Z,1,0.1032177347409043,9.963568687438965,1.13544762134552,-0.7223111769563657,-2.4267406463623047,8.77501392364502,4.252420902252197,-6.582448892233346,3.14599609375,7.427805732592966,0.1666953150121948,7.428466704382877,3.84,0.00295237216,1.991698517999999,0.3205553718,1.1376000000000008,0.1462054266,6.0490217,9.175347,-3.1263256,-1.0773653,2.0035526581311136,2.901825,30,0.9999123260082712,2,1.0,0.9163301653107784,1
10435713_10435925,2025-06-01 06:53:04.377109051,4,7,https://di-india-collab.flow-analytics.io/tools/replay/2025-06-01T06:53:04Z,1,0.1775552362887861,9.50343418121338,1.723960280418396,1.7634064562144252,0.6312742233276367,5.51255989074707,21.05228042602539,-32.22215825723624,4.1474609375,8.34847271275941,0.2473741033235605,8.351138214381798,1.2,0.0030417433799999,2.0658422639999987,0.3216914128000001,1.1472000000000009,0.1568932544,3.7191913,4.1275225,-0.40833116,-0.1363961,1.812581806504001,2.993716,45,0.955912099394528,1,1.0,0.6664267035505212,1
10441577_10441584,2025-06-01 07:03:36.076436043,4,6,https://di-india-collab.flow-analytics.io/tools/replay/2025-06-01T07:03:36Z,1,0.1494975274016893,8.008601188659668,1.9177379608154297,0.4316956094943233,1.1986064910888672,4.1760663986206055,2.685739517211914,-1.0825596236351742,3.569580078125,4.686989051930939,0.1632132301896974,4.693653346624701,2.64,0.00140664828,1.991698517999999,0.3312329926,1.1472000000000009,0.1720467451999999,10.9474945,13.366453,-2.4189587,-1.0528834,8.141051545913044,2.297461,23,0.9828463174201004,4,1.0,0.877782339380148,1
10441828_10442285,2025-06-01 07:04:59.210848093,4,4,https://di-india-collab.flow-analytics.io/tools/replay/2025-06-01T07:04:59Z,1,4.475512915630182,9.904118537902832,5.602994441986084,-9.086834909331886,-1.2734043598175049,1.767647385597229,74.10962677001953,29.716806401776616,3.18310546875,6.968946604078738,0.4062225605524135,6.989263782941595,0.96,0.00312168326,2.052232177999999,0.2872144538,1.1472000000000009,0.4554943464000002,2.5033672,3.139319,-0.63595176,-0.21204215,6.082454172253133,2.999176,47,0.8516599248832645,3,1.0,0.96552446373905,1
10451190_10451690,2025-06-01 07:18:27.121555090,4,4,https://di-india-collab.flow-analytics.io/tools/replay/2025-06-01T07:18:27Z,1,1.0815192430468177,9.711050987243652,3.998136758804321,-3.0593585655076168,5.350642204284668,2.42889404296875,0.111905813217163,1.1227237184536287,3.154052734375,1.7195142375526942,0.0821282634407797,1.7301983775802272,2.4,0.0030008692,1.7904485519999995,0.3209348586000001,1.1472000000000009,0.3700371088000001,12.463304,10.573732,1.8895712,1.1859035,3.0813221312542325,1.59336,17,0.9746656714714474,2,1.0,0.9595934939914521,1
10458317_10458387,2025-06-01 07:27:42.474550009,4,4,https://di-india-collab.flow-analytics.io/tools/replay/2025-06-01T07:27:42Z,1,0.4471088787285004,9.657072067260742,3.1234130859375,-8.47307235962251,3.638833999633789,3.0918331146240234,0.2238116264343261,4.046837055470469,3.26806640625,0.0994397555476504,0.0040319648461946,0.1334554291233597,3.12,0.2607920205599999,0.4012609947600001,0.440067573,1.1376000000000008,0.3238463846,12.43621,8.471651,3.9645586,1.799462,6.421246437062253,2.203191,23,0.9996168379956174,3,1.0,0.9960230025834569,1
10471095_10471128,2025-06-01 07:48:41.007680893,8,6,https://di-india-collab.flow-analytics.io/tools/replay/2025-06-01T07:48:41Z,1,0.185927073918642,9.260083198547363,2.101776361465454,-3.215552955926905,0.7201805114746094,4.405836582183838,2.685739517211914,0.8233767237356108,6.134765625,0.42187276705616,0.0139913421040543,0.4516780845259329,4.32,0.13839342366,1.0282689874000002,0.4108924144,1.1376000000000008,0.2341392589999999,10.213948,7.9015193,2.312429,0.77926546,15.45101802394182,2.967447,30,0.9964382818263996,4,1.0,0.9662886418664843,1
10490850_10491012,2025-06-01 08:17:06.731000900,4,4,https://di-india-collab.flow-analytics.io/tools/replay/2025-06-01T08:17:06Z,1,0.5413773417794023,9.680907249450684,2.8509857654571533,-2.3867079327326297,2.6128950119018555,3.39563512802124,0.8952465057373047,13.369993646417928,3.184814453125,0.424634097948148,0.016448434638297,0.432679356777337,3.36,0.17476475296,0.8701799240000001,0.4210556928,1.1280000000000008,0.2747511213999999,8.892542,4.639795,4.252747,1.9307587,4.460386383283739,2.20263,23,0.9999957775736844,3,1.0,0.5022660611738299,1
10496757_10496779,2025-06-01 08:26:16.440237999,4,4,https://di-india-collab.flow-analytics.io/tools/replay/2025-06-01T08:26:16Z,1,0.1691846713052886,9.964496612548828,1.5442736148834229,0.4280434344745017,1.342761516571045,6.452546119689941,13.204885482788086,62.45134514652102,3.209716796875,7.066172797560751,0.1904019221562679,7.068785422535721,3.12,0.00300272674,2.0658422639999987,0.3338673848,1.142400000000001,0.1431769822,6.401221,5.4501996,0.9510212,0.49998432,1.89897721037634,1.902102,20,0.9993878609292688,1,1.0,0.8900856708241851,1
10517244_10517431,2025-06-01 09:01:52.461159945,7,4,https://di-india-collab.flow-analytics.io/tools/replay/2025-06-01T09:01:52Z,1,0.095952012160992,4.950351715087891,0.977544605731964,-0.0945433429611644,-0.3387839198112488,5.064067363739014,87.62225341796875,-150.07962254194737,4.48974609375,0.4928784610703163,0.0150608631749026,0.4935466774583737,5.04,0.0897602928199999,0.9569925258000004,0.4516292969999999,1.1472000000000009,0.13946664762,0.83070296,2.0830321,-1.2523291,-0.41809234,27.278968424053566,2.995341,28,-0.0153812084669207,4,1.0,0.8685321840046318,1
10521729_10521799,2025-06-01 09:09:36.289300919,4,4,https://di-india-collab.flow-analytics.io/tools/replay/2025-06-01T09:09:36Z,1,0.888428647492631,9.8930025100708,3.5099284648895264,-1.5953408158291935,4.079206466674805,2.818576574325561,1.9023988246917725,-4.430895736438161,3.111083984375,0.4908875524321939,0.0212688320254238,0.546524134096922,2.88,0.17734905564,0.9661317608,0.4223324718,1.1424000000000007,0.3440198992,13.796192,10.721608,3.074584,2.2002113,4.446353330217415,1.397404,15,0.986571046981776,3,1.0,0.9976997696517,1
10522986_10523003,2025-06-01 09:11:18.278129101,4,4,https://di-india-collab.flow-analytics.io/tools/replay/2025-06-01T09:11:18Z,1,0.1791049215354318,4.425875186920166,1.2218265533447266,3.3867790622352154,0.754521369934082,3.6223433017730713,0.8952465057373047,-0.4679821643823792,3.12353515625,1.5569316726528484,0.0585598782867437,1.5585311842519438,3.12,0.00130964452,1.7275700999999994,0.339339255,1.1520000000000008,0.1421942289999999,10.132541,8.50098,1.6315603,2.0190754,9.454330668818262,0.808073,9,0.997068262427577,4,1.0,0.8348803828037127,1
10528506_10528573,2025-06-01 09:18:36.471728086,4,4,https://di-india-collab.flow-analytics.io/tools/replay/2025-06-01T09:18:36Z,1,3.0510342728635784,8.66280460357666,4.0801544189453125,-5.20762187826711,-1.4426531791687012,2.1231560707092285,2.0143046379089355,-9.933955893300084,2.977294921875,4.433085637497596,0.2309374524411963,4.465362234768341,1.68,0.00150534354,2.060040231999999,0.2883302914,1.1520000000000008,0.3816342334000001,3.5200043,4.5133796,-0.9933753,-0.33170724,2.016044006888853,2.994735,31,0.9964135591250604,2,1.0,0.9779987601835992,1
10529277_10529311,2025-06-01 09:19:38.261272907,4,4,https://di-india-collab.flow-analytics.io/tools/replay/2025-06-01T09:19:38Z,1,8.547747074312403,9.721877098083496,5.908570766448975,-1.6618470592739936,1.3621089458465576,1.6453856229782104,8.057218551635742,-6.153682418743544,3.1044921875,0.4374321794690575,0.0261002150987841,0.4916465094793241,1.68,0.3047972334000001,0.7890602445999998,0.4160374254,1.1472000000000009,0.485028339,4.3958335,0.73668134,3.659152,1.2628156,6.849686920988552,2.897614,30,0.9852278943779874,4,1.0,0.6866856325990559,1
10537208_10537243,2025-06-01 09:31:35.774708986,4,4,https://di-india-collab.flow-analytics.io/tools/replay/2025-06-01T09:31:35Z,1,0.8086371406403361,9.32638454437256,4.293207168579102,-23.536123796179982,-1.3898940086364746,2.172358274459839,3.3571743965148926,-4.050116601908754,3.194580078125,4.126505039642352,0.2119448371206375,4.138983052984226,1.68,0.00157494408,2.060040231999999,0.3119318727999999,1.1520000000000008,0.3877313816,2.6324553,1.8213513,0.81110406,0.2805502,4.322202787540439,2.891119,29,0.9819475411177474,3,1.0,0.9862911858669987,1
10544959_10545011,2025-06-01 09:42:14.785651922,4,4,https://di-india-collab.flow-analytics.io/tools/replay/2025-06-01T09:42:14Z,1,15.09780502319336,9.76541233062744,6.354732036590576,-4.097285876177197,7.657424926757812,1.536715030670166,4.70004415512085,6.413913699351411,3.170166015625,1.8152881341201916,0.1139439022452886,1.8370725082017376,1.44,0.00327057198,1.8644004059999992,0.2928697682,1.142400000000001,0.4705240132000001,8.619916,5.884702,2.7352138,0.94227713,7.002693150111028,2.90277,30,0.9768511760525188,4,1.0,0.742742734064466,1
10548669_10548690,2025-06-01 09:47:20.362694979,6,4,https://di-india-collab.flow-analytics.io/tools/replay/2025-06-01T09:47:20Z,1,0.080609291638433,9.950770378112791,1.302395582199097,-0.7996674833649055,1.834538459777832,7.640359401702881,9.4000883102417,11.252587424650365,3.71630859375,6.335321139308595,0.1542367011812478,6.335383291594599,4.56,0.00295439144,1.9703266799999992,0.3386263138,1.142400000000001,0.1462054266,5.8441877,5.4777126,0.3664751,0.15872337,2.6939896506579397,2.308892,24,0.9868264397382732,2,1.0,0.7108350032975155,1
10557588_10557602,2025-06-01 09:59:01.035451889,4,4,https://di-india-collab.flow-analytics.io/tools/replay/2025-06-01T09:59:01Z,1,0.5769759403659246,9.990757942199709,2.8450701236724854,-1.218956005148739,2.4104771614074707,3.511603355407715,4.140515327453613,-5.8006866585948,3.18212890625,3.642408506847161,0.1403911242207355,3.649638105453916,3.12,0.0030250691,1.939500333999999,0.3005726310000001,1.1376000000000008,0.2734999164,9.474475,8.491597,0.98287773,0.44747654,1.8985315736095851,2.19649,23,0.9904214667147888,1,1.0,0.7349591774354467,1
10558169_10558213,2025-06-01 09:59:45.698039055,4,4,https://di-india-collab.flow-analytics.io/tools/replay/2025-06-01T09:59:45Z,1,0.0621207758300884,7.47693395614624,1.0839264392852783,-1.8363458751615027,-1.2102290391921997,6.898008823394775,2.685739517211914,-16.659616764556457,3.204833984375,5.624612181909319,0.1454140632261028,5.627762247124184,2.88,0.00140866756,1.9703266799999992,0.3474759918,1.1424000000000007,0.1455655599,1.6167423,1.783847,-0.16710472,-0.05585669,3.385167183896094,2.991669,31,0.9961488780113492,2,1.0,0.7525325893168351,1
10560094_10560131,2025-06-01 10:03:25.430430889,4,4,https://di-india-collab.flow-analytics.io/tools/replay/2025-06-01T10:03:25Z,1,0.0622839832592794,9.883353233337402,0.9468046426773072,0.0335932610021454,0.8106565475463867,10.438640594482422,15.331096649169922,8.674560830281726,3.143798828125,6.773789023711854,0.1369866444193704,6.773817948153505,5.52,0.00295439144,1.909839819999999,0.334300684,1.1376000000000008,0.1423173724,5.8460197,8.182699,-2.3366795,-0.94035494,0.0666744805314706,2.484891,26,0.9842566025959588,1,1.0,0.5587582302451486,1
10569855_10570275,2025-06-01 10:19:40.234893084,4,4,https://di-india-collab.flow-analytics.io/tools/replay/2025-06-01T10:19:40Z,1,0.0493003598574003,6.757247924804688,0.8679735064506531,-0.6545473686776465,0.3870289325714111,7.785085678100586,27.52882957458496,-2.154701282662169,3.153076171875,4.871824765435683,0.1170725416649174,4.873488908433568,3.84,0.00141674468,1.8616069539999995,0.3398004414,1.1424000000000007,0.1347614342,2.3195338,4.663879,-2.344345,-0.91344947,0.7609006809708223,2.566475,27,0.903937644667132,1,1.0,0.8386139699656542,1
10582896_10583138,2025-06-01 10:38:29.054655075,4,4,https://di-india-collab.flow-analytics.io/tools/replay/2025-06-01T10:38:29Z,1,0.3137834899359026,6.982819080352783,2.6606013774871826,-11.3419518065003,0.0345547199249267,2.6245265007019043,77.74656677246094,-23.31027855283084,3.109619140625,4.552246051504165,0.2090361824487595,4.558698004678942,1.44,0.00156669716,2.073393209999999,0.3009417292,1.1472000000000009,0.282257423,2.2466428,1.8929402,0.35370266,0.11850669,0.9165844506165598,2.984664,31,0.9999948930179688,1,1.0,0.9573745583588498,1
10591854_10592145,2025-06-01 10:51:31.683744907,4,4,https://di-india-collab.flow-analytics.io/tools/replay/2025-06-01T10:51:31Z,1,0.419445013761099,8.304800987243652,3.0446653366088867,-5.914222735564096,-1.8877053260803225,2.727656364440918,12.085827827453612,-55.26719273156286,3.219970703125,3.113781651941875,0.1393647911301402,3.119168386891168,2.4,0.00147934522,1.929470911999999,0.323657554,1.142400000000001,0.3173918092,1.7303061,5.753173,-4.0228667,-1.3471462,0.806859948192971,2.986214,31,0.9805234755500756,1,1.0,0.9333083021548563,1
10605916_10606372,2025-06-01 11:12:20.244431019,4,4,https://di-india-collab.flow-analytics.io/tools/replay/2025-06-01T11:12:20Z,1,0.0415782053893451,3.302864789962769,0.4568790197372436,0.0866434545292275,1.479077935218811,7.229188919067383,1.342869758605957,-4.331392370434375,3.2001953125,2.753504091272714,0.0688795134911901,2.7537540117938897,2.16,0.00128602664,1.7860352919999998,0.3838328246,1.152000000000001,0.1171194963999999,1.8248773,4.4428315,-2.6179543,-2.1746264,0.0,1.203864,13,0.5670554878057255,0,1.0,0.796048233831253,1
10616341_10617070,2025-06-01 11:27:38.275346041,4,4,https://di-india-collab.flow-analytics.io/tools/replay/2025-06-01T11:27:38Z,1,0.1152143587881566,9.802193641662598,1.4731433391571045,-0.6249082822354812,0.0759878158569336,6.6539306640625,49.69317626953125,-36.18286466260819,3.2119140625,8.01160526248174,0.2121453228680521,8.012582413882244,2.16,0.0030417433799999,2.0658422639999987,0.3338673848,1.142400000000001,0.147633858,2.1926026,3.1042256,-0.911623,-0.313794,1.5692826374511135,2.905164,33,0.995974504978077,1,1.0,0.7976239725011954,1
10631265_10632035,2025-06-01 11:47:04.980334044,4,4,https://di-india-collab.flow-analytics.io/tools/replay/2025-06-01T11:47:04Z,1,2.8341315060769454,8.428119659423828,4.612224102020264,-6.64231674677728,5.47157621383667,1.8273439407348635,11.52629852294922,-17.306274641813133,3.1494140625,0.4053046294476971,0.0227056358801128,0.6036568251084388,1.92,0.2249934124,1.0250006086,0.3916725853999998,1.1376000000000008,0.4565754827999999,9.750209,5.161775,4.5884337,1.5322251,7.426387628809184,2.994621,31,0.962315916906968,4,1.0,0.938892006921133,1
10639490_10639512,2025-06-01 11:56:04.266537905,4,4,https://di-india-collab.flow-analytics.io/tools/replay/2025-06-01T11:56:04Z,1,3.5268634796142577,2.2655744552612305,1.7126290798187256,-1.601482495721587,3.747654914855957,1.3228634595870972,25.73833656311035,15.038078427062114,3.10009765625,1.915714272694619,0.1315305477918262,1.94399170303144,0.48,0.00118536952,1.9366573839999996,0.3054489803999999,1.1376000000000008,0.15290143888,5.670743,1.6301417,4.0406013,1.608519,4.032725618788252,2.512001,26,0.2092898803451607,3,1.0,0.6140684899076677,1
10652881_10653051,2025-06-01 12:12:15.753463984,8,4,https://di-india-collab.flow-analytics.io/tools/replay/2025-06-01T12:12:15Z,1,22.328183364868163,2.5649759769439697,8.878358840942383,-1.531804445885072,8.6887788772583,0.2889020442962646,67.03158569335938,4.741998410701985,5.4375,0.347086767463411,0.0583117785054308,0.5226774095719674,0.24,0.3885064474000001,0.903188833,0.5102641236000001,0.5184000000000001,1.0223646986,9.098185,7.353613,1.7445717,1.3183373,4.112529921297781,1.323312,14,0.9992530938366222,3,1.0,0.9999999808805277,1
10661243_10661362,2025-06-01 12:19:58.680778980,4,4,https://di-india-collab.flow-analytics.io/tools/replay/2025-06-01T12:19:58Z,1,0.0725001331842675,9.066560745239258,1.0997185707092283,0.186655829079334,1.1361992359161377,8.244437217712402,5.595290660858154,9.024540655717988,3.33251953125,4.968801041065645,0.1154080052101125,4.968812954101971,5.76,0.00143770364,1.8616069539999995,0.3525395468,1.1424000000000007,0.1462054266,4.3405504,5.1977196,-0.85716915,-0.3913214,2.663381749129677,2.190448,23,0.9858073876517904,2,1.0,0.5946208602005024,1
10663762_10663813,2025-06-01 12:22:54.568237066,4,4,https://di-india-collab.flow-analytics.io/tools/replay/2025-06-01T12:22:54Z,1,1.4460108579700888,9.6375732421875,3.75327730178833,6.83795936000837,-0.7930915355682373,2.5677754878997803,3.3571743965148926,12.06145374863412,3.052490234375,2.7923313834597576,0.1294598966891721,2.7986102333624903,2.4,0.0030250691,1.896634959999999,0.2881371652,1.1472000000000009,0.3541041267999999,3.9805052,6.819964,-2.8394587,-0.9468264,5.7068946820354,2.998922,29,0.9912470447841466,3,1.0,0.5371202448721204,1
10687514_10687607,2025-06-01 12:58:00.385914087,6,4,https://di-india-collab.flow-analytics.io/tools/replay/2025-06-01T12:58:00Z,1,0.5573063230967857,9.981637001037598,2.91094183921814,-1.3397148485691055,0.4782133102416992,3.429006099700928,52.707637786865234,-24.33660379131229,3.525634765625,4.332223786489165,0.1695704248130511,4.343529077677829,2.88,0.00302304982,2.021195963999999,0.3243669566,1.1376000000000008,0.2855145142,2.7267919,2.9490623,-0.22227049,-0.07476233,0.9955506020542076,2.973028,31,0.9885380801341368,1,1.0,0.9530223317818698,1
10689426_10689452,2025-06-01 13:00:44.064927101,4,4,https://di-india-collab.flow-analytics.io/tools/replay/2025-06-01T13:00:44Z,1,0.7030310041679784,6.189650058746338,1.6007498502731323,-2.8612545318792013,2.06587028503418,3.8667190074920654,31.893156051635746,164.06819888985314,2.823486328125,2.26212037023644,0.0820509576087609,2.262182470812202,3.36,0.00129985486,1.8065270399999995,0.3426687116000002,1.142400000000001,0.14969152,8.403575,6.6417484,1.7618265,1.768888,3.5270058854487085,0.996008,11,0.8437391568276824,2,1.0,0.6824988365727056,1
10695750_10697000,2025-06-01 13:10:54.828357935,4,4,https://di-india-collab.flow-analytics.io/tools/replay/2025-06-01T13:10:54Z,1,0.1049771089472996,5.197843551635742,0.9899393320083618,-0.8983684612394459,1.169958233833313,5.250669002532959,139.20982360839844,-2.399703474021187,3.235107421875,2.759157532497217,0.08351347153507,2.7603294507644938,3.84,0.00129985486,1.7983262619999991,0.3822693506000001,1.1472000000000009,0.1421360053,1.6277262,1.0030802,0.62464595,3.1650078,3.5389319923987976,0.19736,3,0.9771894910302724,2,1.0,0.9194942497320929,1
10709346_10709816,2025-06-01 13:24:36.490207911,4,4,https://di-india-collab.flow-analytics.io/tools/replay/2025-06-01T13:24:36Z,1,0.8401729335712276,9.756683349609377,3.046231508255005,-0.5609055348453588,3.211902618408203,3.2028698921203613,7.60959529876709,0.0,3.1044921875,1.6763118219200173,0.0678838400464182,1.6767006187464666,3.12,0.00306222282,1.7917640419999996,0.3334016450000001,1.1280000000000008,0.3204976290000001,7.3600655,6.711943,0.6481223,0.35733828,4.942228959281368,1.81375,18,0.9989472695547912,3,1.0,0.5140407295532151,1
10716415_10716745,2025-06-01 13:33:53.679436922,4,4,https://di-india-collab.flow-analytics.io/tools/replay/2025-06-01T13:33:53Z,1,0.090114269597953,9.458273887634276,1.3284417390823364,-1.714610945671614,0.0240564346313476,7.119825839996338,18.576364517211918,-47.32053785125082,3.076416015625,8.697757394115834,0.2213369530204546,8.704467021263714,1.2,0.0030417433799999,2.0658422639999987,0.3200228132,1.1472000000000009,0.1469885115,4.7037215,7.246715,-2.5429935,-1.2834327,0.0579111622443025,1.9814,34,0.9937224757964924,1,1.0,0.9358042720078336,1
10718058_10718064,2025-06-01 13:35:26.210757971,4,4,https://di-india-collab.flow-analytics.io/tools/replay/2025-06-01T13:35:26Z,1,0.0499070835879207,4.720437526702881,0.7366984486579895,1.023739807214007,0.3064799308776855,6.407557487487793,3.1333627700805664,6.299380304949492,3.03759765625,4.170328146318105,0.1124256002756393,4.170662335457792,1.44,0.00127077826,1.8567434999999997,0.3371133107999999,1.1472000000000009,0.13063366352,6.343045,6.1805954,0.16244984,0.13554983,1.833409507874263,1.198451,13,0.9996898265664176,1,1.0,0.957327078462891,1
10722456_10722943,2025-06-01 13:41:09.344625950,4,4,https://di-india-collab.flow-analytics.io/tools/replay/2025-06-01T13:41:09Z,1,8.699549554940184,7.616606712341309,5.878957748413086,17.438635917264705,-0.8593465089797974,1.295570969581604,10.071523666381836,-12.491925448598904,3.0546875,3.386185441177231,0.2363384398789629,3.4261503542605958,0.96,0.00156616972,2.049488681999999,0.2837457256,1.142400000000001,0.4603247242000002,1.1351949,4.0626783,-2.9274836,-0.9767215,8.48504538383956,2.997255,29,0.9740707126017188,4,1.0,0.8810993706812578,1
10727709_10727958,2025-06-01 13:45:55.627358913,4,4,https://di-india-collab.flow-analytics.io/tools/replay/2025-06-01T13:45:55Z,1,1.0272647959310386,9.964152336120604,3.62643837928772,-1.4220160861519098,0.920663595199585,2.747641324996948,46.34999084472656,-28.089334855166072,3.10791015625,5.444491055492821,0.243574229306768,5.444582847680243,1.92,0.00311242104,2.063363787999999,0.2885004436,1.1472000000000009,0.3315781190000001,4.123894,5.5345316,-1.4106374,-0.48687845,0.943433628445336,2.897309,45,0.998704922409558,1,1.0,0.6158709146242091,1
10750799_10750887,2025-06-01 14:13:52.766792059,4,4,https://di-india-collab.flow-analytics.io/tools/replay/2025-06-01T14:13:52Z,1,13.2035174308439,9.921026229858398,7.099127769470215,-5.434351683930488,2.3360259532928467,1.3974993228912354,4.70004415512085,-3.3585348550212903,3.181884765625,0.8153033532920559,0.0538531903743943,0.8953199988778455,1.44,0.0792398478199999,1.0892609676,0.3765151595999999,1.176000000000001,0.5314021241999999,4.475643,3.2776794,1.1979637,0.40608856,17.478744430494714,2.950006,29,0.9904673482870016,4,1.0,0.901403876603769,1
10761513_10761537,2025-06-01 14:26:17.261739969,4,4,https://di-india-collab.flow-analytics.io/tools/replay/2025-06-01T14:26:17Z,1,11.03193460216004,9.844359397888184,5.271430015563965,0.1775811026674025,4.064540863037109,1.867493152618408,19.47161102294922,0.0,3.24267578125,1.4997860669195282,0.0837015838582244,1.584528701941177,1.92,0.0030812747,1.7561542519999995,0.3430822776000001,1.1472000000000009,0.4418089142,6.8027573,7.25261,-0.44985294,-0.23345722,2.923208489551669,1.926918,20,0.9983360241011936,2,1.0,0.9886817491957367,1
10788327_10788369,2025-06-01 14:57:05.438420057,6,4,https://di-india-collab.flow-analytics.io/tools/replay/2025-06-01T14:57:05Z,1,0.1251746124353215,8.457268714904785,1.4362616539001465,-0.247050508103645,-0.1908309459686279,5.888390064239502,7.385783672332764,4.372894447341775,3.494873046875,6.57337837550019,0.1869552764355752,6.575257114271229,2.4,0.00145700286,2.0658422639999987,0.3348049338,1.1472000000000009,0.147633858,0.61713487,0.75442785,-0.13729298,-0.045908343,0.953750771732772,2.990589,31,0.991770610305474,1,1.0,0.9406951351896597,1
10798604_10798767,2025-06-01 15:12:28.566070080,4,4,https://di-india-collab.flow-analytics.io/tools/replay/2025-06-01T15:12:28Z,1,0.2329790180385114,7.747732639312744,1.7968937158584597,0.757838131794611,1.7905447483062744,4.311736583709717,16.673965454101562,4.889384292560373,3.02978515625,4.161726303474673,0.1420686447102886,4.1632201804021625,3.12,0.00140866756,1.944704319999999,0.3073955458,1.1472000000000009,0.1722116302,5.609875,7.025611,-1.4157357,-0.64026743,1.4346411609434275,2.211163,23,0.9720693838240804,1,1.0,0.9068466382461969,1
10817045_10817065,2025-06-01 15:36:54.449309111,4,4,https://di-india-collab.flow-analytics.io/tools/replay/2025-06-01T15:36:54Z,1,0.2763412301753172,8.609431266784668,2.457936763763428,-1.7602082109682449,-2.985788583755493,3.502706527709961,5.147667407989502,21.30626955669633,3.2763671875,5.813736640038643,0.2251564730023137,5.813937893383882,1.92,0.00156669716,2.073393209999999,0.3373481182,1.1472000000000009,0.2834785173999999,2.42536,5.200537,-2.7751772,-0.926846,1.0699990370553327,2.994216,30,0.996647569231768,1,1.0,0.9974918902209432,1
10830046_10830052,2025-06-01 15:57:39.077500105,4,4,https://di-india-collab.flow-analytics.io/tools/replay/2025-06-01T15:57:39Z,1,0.260644353115824,9.021269798278809,2.2377872467041016,-4.150249496965436,2.231729507446289,4.03133487701416,2.350022077560425,-5.15614532156107,3.127197265625,1.2420168112233645,0.043760408510731,1.2688654504122967,3.84,0.00152618776,1.562163909999999,0.3472112902000001,1.1520000000000008,0.2383704264,12.416154,9.168792,3.2473621,2.0169437,4.008576494614062,1.610041,17,0.9710080251794112,3,1.0,0.597141773708394,1
10836533_10836652,2025-06-01 16:06:27.086785078,4,4,https://di-india-collab.flow-analytics.io/tools/replay/2025-06-01T16:06:27Z,1,13.66153875986735,8.019522666931152,5.338230133056641,0.2459901729029825,-0.2203075885772705,1.5022811889648438,1.342869758605957,-8.094564673975915,3.12060546875,4.186778738768871,0.2679365546457987,4.240181745556617,1.2,0.00158574904,2.052232177999999,0.2871835712,1.1472000000000009,0.4509656276,2.5142422,3.825874,-1.3116319,-0.45191833,11.016146628728436,2.902365,29,0.9896443249048384,4,1.0,0.9964786305545463,1
10845792_10845870,2025-06-01 16:18:28.981460094,4,4,https://di-india-collab.flow-analytics.io/tools/replay/2025-06-01T16:18:28Z,1,14.735665957132976,3.640658617019653,5.976190567016602,0.7718187433633346,5.163314342498779,0.6091938614845276,41.62896347045898,14.147611577875816,3.160888671875,0.7556259731549267,0.0818244825629978,0.9831330297958224,0.48,0.01345971534,1.2674263570000002,0.3706802976,0.6911999999999998,0.7960094816000001,5.726249,8.958296,-3.2320466,-1.10615,1.2614281167362509,2.921888,30,0.9774995135452456,1,1.0,0.990511582577826,1
10845792_10845882,2025-06-01 16:18:26.188079119,4,4,https://di-india-collab.flow-analytics.io/tools/replay/2025-06-01T16:18:26Z,1,22.557526694403755,4.36857795715332,8.332613945007324,-5.514889736712568,-2.8233323097229004,0.5242745876312256,158.57054138183594,-8.345424343004249,3.083251953125,0.7157230982631141,0.0847254199880127,0.7598294679153342,0.48,0.1851558786,0.9554356740000002,0.4286137695999998,0.6191999999999999,0.8696444120000001,0.98241585,0.2809721,0.7014438,0.23395224,15.26501353993867,2.998235,31,0.7682908445575505,4,1.0,0.9995344828854233,1
10847545_10847571,2025-06-01 16:20:30.073380947,4,4,https://di-india-collab.flow-analytics.io/tools/replay/2025-06-01T16:20:30Z,1,0.4539042168498506,4.498138427734375,1.5437294244766235,-1.5030141980836962,-2.256689071655273,2.9138126373291016,1.342869758605957,-0.2252263866813025,2.95751953125,2.431853207286411,0.1044629586012908,2.4384738752112747,2.16,0.00132001968,1.8567434999999997,0.3194406610000001,1.1520000000000008,0.1431769822,8.88176,9.845462,-0.9637022,-1.0704864,2.272281889501336,0.900247,10,0.9976611842851396,2,1.0,0.9950938120883038,1
10850456_10850478,2025-06-01 16:24:30.231007099,4,4,https://di-india-collab.flow-analytics.io/tools/replay/2025-06-01T16:24:30Z,1,0.1276348345655373,9.781112670898438,1.5935289859771729,-2.2616320360241726,-1.345808744430542,6.138020038604736,5.595290660858154,-10.016073953734953,3.052490234375,7.637922237004314,0.212145450227318,7.637932168623914,2.4,0.0030417433799999,2.0658422639999987,0.3106123096000001,1.142400000000001,0.14969152,3.8165963,6.9744763,-3.15788,-1.0555502,0.0,2.991691,30,0.993693822402684,0,1.0,0.9517864814360114,1
10863146_10863175,2025-06-01 16:42:38.169930935,4,4,https://di-india-collab.flow-analytics.io/tools/replay/2025-06-01T16:42:38Z,1,4.878719474517206,6.860442638397217,5.301148414611816,-13.479155396561763,3.162508487701416,1.294142723083496,33.4598388671875,-275.4858193011441,3.10791015625,0.3061055406436032,0.021021971541735,0.574273488037277,1.2,0.2266216389999999,0.9031712578,0.3779721223999999,1.1232000000000009,0.5106381582000001,8.915065,5.415561,3.4995036,1.1709732,3.168348679448414,2.988543,31,0.9814328252908788,2,1.0,0.9975133186147448,1
10883224_10883241,2025-06-01 17:06:12.549598932,6,7,https://di-india-collab.flow-analytics.io/tools/replay/2025-06-01T17:06:12Z,1,18.497182273864745,9.266297340393066,9.47202205657959,41.78295960909096,-3.836242914199829,0.978280782699585,3.5809860229492188,-2.30793722763849,4.60986328125,0.0945954756750313,0.0076125074321285,0.1964708152627254,0.96,0.5922035352000002,0.7257317798999999,0.4409423469999998,1.0416000000000007,0.9110308478,0.99355245,2.340821,-1.3472686,-0.45003432,14.325263108375824,2.993702,28,0.999971015708333,4,1.0,0.5715600234724741,1
10918172_10918211,2025-06-01 17:50:15.345381975,4,4,https://di-india-collab.flow-analytics.io/tools/replay/2025-06-01T17:50:15Z,1,2.027387979094117,7.762732028961182,3.983819484710693,-3.566284755913161,-0.2529573440551758,1.9485652446746824,4.476232528686523,-9.530002301825396,2.547119140625,3.1875,0.1743599614715291,3.198252120452133,1.68,0.0014094139,2.056666873999999,0.292735765,1.1520000000000008,0.3742323456000001,2.7709348,2.9849682,-0.21403337,-0.07149583,2.500512683773472,2.993648,31,0.9978898798720612,2,1.0,0.5376203293436059,1
10982426_10982445,2025-06-01 19:30:57.400724888,6,4,https://di-india-collab.flow-analytics.io/tools/replay/2025-06-01T19:30:57Z,1,1.4743751995569878,5.722400188446045,3.2028496265411377,5.82899137770486,0.4367303848266601,1.7866590023040771,0.3357174396514892,-2.9007688987453712,3.72802734375,0.343881089804488,0.0195024353537278,0.4707812499999999,1.68,0.1840085527999999,0.8986896552000002,0.4253353888,1.108800000000001,0.3142615305999999,9.941977,10.827822,-0.8858452,-0.69510007,5.984554171763813,1.274414,13,0.9999124032491165,3,1.0,0.9972918451836212,1
10995982_10996005,2025-06-01 19:57:47.881272078,4,4,https://di-india-collab.flow-analytics.io/tools/replay/2025-06-01T19:57:47Z,1,0.1441066727922766,8.85237979888916,1.540411353111267,-2.8949663317884,2.955819129943848,5.746763706207275,2.797645330429077,1.2512682909614448,3.080078125,0.5705903712164728,0.0161862010264361,0.5734589626858798,5.76,0.10007429842,0.8964851349999999,0.3844960923999999,1.1568000000000012,0.1361052049,12.471432,10.915642,1.55579,1.7130516,5.812357898788633,0.908198,10,0.9624353841789772,3,1.0,0.7531074267738485,1
11010430_11010456,2025-06-01 20:27:33.778028965,4,4,https://di-india-collab.flow-analytics.io/tools/replay/2025-06-01T20:27:33Z,1,2.8047475817973924,9.73458480834961,5.069787502288818,0.045567141791324,-1.317324161529541,1.920116901397705,25.010950088500977,17.334218634848167,3.0146484375,3.54837121941271,0.1959559662030957,3.549311716543624,1.68,0.00313147292,2.052232177999999,0.2881148294,1.1520000000000008,0.4321315354000001,2.076311,2.3800936,-0.30378246,-0.10143959,9.70744292384729,2.994713,30,0.9828786844276832,4,1.0,0.9382655476554137,1
11012023_11012323,2025-06-01 20:32:21.581259012,4,4,https://di-india-collab.flow-analytics.io/tools/replay/2025-06-01T20:32:21Z,1,0.8145795513429395,9.013861656188965,1.665213942527771,13.36273335363082,0.1765449047088623,5.413035392761231,64.54867553710938,-78.136561283818,3.072021484375,7.811235590984834,0.2338732490982283,7.817258755749722,1.44,0.00151697846,2.0658422639999987,0.3096810514000001,1.1472000000000009,0.1573504456,3.9748652,2.8101256,1.1647396,0.3900667,2.148886542500442,2.986001,40,0.999789444703174,2,1.0,0.5624694329413906,1
11021290_11021569,2025-06-01 20:52:51.966783047,4,4,https://di-india-collab.flow-analytics.io/tools/replay/2025-06-01T20:52:51Z,1,1.7347010345651384,9.853190422058104,4.196945190429688,-3.074130621667336,3.712188482284546,2.347705364227295,0.6714348793029785,-4.975257138227286,3.163818359375,0.0245331014701781,0.0011606991657748,0.2209062947596853,2.4,0.3130865737999999,0.7707016007600003,0.4284149949999999,1.132800000000001,0.4711454233999999,6.142803,5.6813707,0.46143246,0.2084696,22.15107502342642,2.213428,22,0.9995724432370936,4,1.0,0.7288406508402278,1
11047622_11047691,2025-06-01 22:09:37.265944958,4,4,https://di-india-collab.flow-analytics.io/tools/replay/2025-06-01T22:09:37Z,1,0.4726538731668173,9.912372589111328,2.067728281021118,1.4274315303367913,1.808206558227539,4.793846607208252,1.230963945388794,-6.802434390551747,3.0751953125,0.2880328007403143,0.0090596793825107,0.2888047837640506,4.8,0.1737274360799999,0.3954131982000001,0.4144596522,1.1376000000000008,0.1900374279999999,11.207361,9.919122,1.2882395,0.9906608,5.996462711258896,1.300384,14,0.9977058136818964,3,1.0,0.8525459699585496,1
11056772_11056780,2025-06-01 22:41:11.749452114,4,4,https://di-india-collab.flow-analytics.io/tools/replay/2025-06-01T22:41:11Z,1,0.4720535143656606,8.446985244750977,2.2510573863983154,0.1937836737289835,-1.1156902313232422,3.75245213508606,4.923855781555176,-1.733487172628882,3.06884765625,4.629204818816167,0.1717970239333223,4.6293704013072885,2.64,0.00145700286,2.021195963999999,0.3083349818,1.1472000000000009,0.2449281455999999,12.459393,13.812842,-1.3534498,-0.5899372,5.952522203582947,2.294227,24,0.9698405581415636,3,1.0,0.9056758587502709,1
