timestamp,id1,id2,interaction,dist,TTC,composite_risk,closing_speed,speed_diff,yaw_diff,link
2025-06-01 00:07:51.038043976,10287921,10288098,car_v_car,2.912292,0.64265496,0.9934683206056284,4.531657,4.047575,6.2667255,https://di-india-collab.flow-analytics.io/tools/replay/2025-06-01T00:07:41Z
2025-06-01 00:28:03.158768892,10297104,10297121,car_v_car,6.7100234,2.7952802,0.9532447564079743,2.4004834,1.4841137,2.9095511,https://di-india-collab.flow-analytics.io/tools/replay/2025-06-01T00:27:53Z
2025-06-01 00:36:55.057929993,10300754,10300768,van_v_car,2.864962,1.0655258,0.9993427186170564,2.688778,0.24089527,0.6714349,https://di-india-collab.flow-analytics.io/tools/replay/2025-06-01T00:36:45Z
2025-06-01 01:06:32.600886106,10310953,10310999,car_v_car,7.4771137,3.7718332,0.7773018417280464,1.9823554,1.2439934,4.0286093,https://di-india-collab.flow-analytics.io/tools/replay/2025-06-01T01:06:22Z
2025-06-01 01:20:13.452400923,10316232,10316242,car_v_car,4.143572,4.341719,0.977664185462406,0.95436203,0.48759842,1.0071523,https://di-india-collab.flow-analytics.io/tools/replay/2025-06-01T01:20:03Z
2025-06-01 03:38:40.943978071,10357605,10357619,van_v_van,5.3135166,7.714181,0.8919034559234978,0.68879855,0.554595,0.6574466,https://di-india-collab.flow-analytics.io/tools/replay/2025-06-01T03:38:30Z
2025-06-01 03:53:42.260966063,10362698,10362702,van_v_car,5.678994,0.99241966,0.992222021757748,5.7223716,0.76947737,1.1190581,https://di-india-collab.flow-analytics.io/tools/replay/2025-06-01T03:53:32Z
2025-06-01 04:29:40.100850105,10375622,10375639,car_v_car,7.991149,5.11609,0.6369805443667811,1.5619642,2.540168,0.22381163,https://di-india-collab.flow-analytics.io/tools/replay/2025-06-01T04:29:30Z
2025-06-01 04:46:46.758932114,10381683,10381699,car_v_van,7.8305035,4.8846283,0.6569385368287962,1.6030909,2.228078,0.22381163,https://di-india-collab.flow-analytics.io/tools/replay/2025-06-01T04:46:36Z
2025-06-01 04:48:00.645339012,10382068,10382093,car_v_car,7.866594,4.4707017,0.706943081879412,1.7595881,2.3586657,0.44762325,https://di-india-collab.flow-analytics.io/tools/replay/2025-06-01T04:47:50Z
2025-06-01 05:00:44.009372950,10386504,10386558,bus_v_truck,7.216399,4.4279647,0.7983254573623118,1.6297328,1.5039172,1.9023988,https://di-india-collab.flow-analytics.io/tools/replay/2025-06-01T05:00:34Z
2025-06-01 06:18:24.739665031,10420722,10420905,car_v_van,7.82324,5.0364375,0.6403224341838369,1.553328,0.6981256,3.580986,https://di-india-collab.flow-analytics.io/tools/replay/2025-06-01T06:18:14Z
2025-06-01 06:54:03.018217087,10436299,10436497,car_v_car,6.976838,3.9883192,0.7537440282795664,1.7493179,1.2550335,1.3428698,https://di-india-collab.flow-analytics.io/tools/replay/2025-06-01T06:53:53Z
2025-06-01 07:00:03.550772905,10439500,10439525,car_v_car,7.928317,5.0125947,0.6460072132264877,1.5816792,2.0968318,0.0,https://di-india-collab.flow-analytics.io/tools/replay/2025-06-01T06:59:53Z
2025-06-01 07:14:04.524596929,10447787,10447823,car_v_car,5.171725,4.73696,0.6883701332005756,1.0917814,1.396174,2.9095511,https://di-india-collab.flow-analytics.io/tools/replay/2025-06-01T07:13:54Z
2025-06-01 07:18:34.426779032,10451190,10451690,car_v_car,7.381618,238.95505,0.6327683824621542,0.030891242,0.10614109,0.0,https://di-india-collab.flow-analytics.io/tools/replay/2025-06-01T07:18:24Z
2025-06-01 07:26:10.237735033,10456879,10456930,van_v_car,7.99452,4.1702275,0.7397835887019315,1.9170464,2.845399,0.22381163,https://di-india-collab.flow-analytics.io/tools/replay/2025-06-01T07:26:00Z
2025-06-01 07:27:38.383995056,10458380,10458393,car_v_car,7.2822766,49.444813,0.5122522344285616,0.1472809,0.08022785,2.0143046,https://di-india-collab.flow-analytics.io/tools/replay/2025-06-01T07:27:28Z
2025-06-01 07:36:48.947242022,10463291,10463317,car_v_car,7.3604364,2.6128104,0.8875627828430919,2.8170574,3.831328,1.1190581,https://di-india-collab.flow-analytics.io/tools/replay/2025-06-01T07:36:38Z
2025-06-01 07:36:49.543469906,10463317,10463342,car_v_car,6.5218983,5.2038236,0.6483206404454411,1.2532897,1.6890512,1.790493,https://di-india-collab.flow-analytics.io/tools/replay/2025-06-01T07:36:39Z
2025-06-01 07:40:16.649194002,10465575,10465595,car_v_car,7.9720736,6.246565,0.5012405222656156,1.2762332,2.1098273,3.1333628,https://di-india-collab.flow-analytics.io/tools/replay/2025-06-01T07:40:06Z
2025-06-01 07:48:28.445868969,10471010,10471031,car_v_car,6.754628,3.7774522,0.607611040013694,1.7881439,0.3154837,4.4762325,https://di-india-collab.flow-analytics.io/tools/replay/2025-06-01T07:48:18Z
2025-06-01 07:48:46.214777946,10471095,10471128,bus_v_van,3.5366385,1.1251743,0.9952845956737044,3.1431918,4.98342,0.6714349,https://di-india-collab.flow-analytics.io/tools/replay/2025-06-01T07:48:36Z
2025-06-01 08:10:53.306988955,10487283,10487551,car_v_car,7.5564003,2.5177202,0.8917047214527357,3.0012867,2.45016,2.2381163,https://di-india-collab.flow-analytics.io/tools/replay/2025-06-01T08:10:43Z
2025-06-01 08:32:08.156131029,10500402,10500583,car_v_car,7.8882732,3.9202034,0.7833006031207153,2.0122101,2.0420995,3.8047976,https://di-india-collab.flow-analytics.io/tools/replay/2025-06-01T08:31:58Z
2025-06-01 08:34:55.246700048,10502378,10502730,car_v_car,7.479876,5.5649643,0.5371288928170389,1.3441013,1.3827579,2.6857395,https://di-india-collab.flow-analytics.io/tools/replay/2025-06-01T08:34:45Z
2025-06-01 08:36:35.179608107,10503753,10503837,car_v_car,7.1321964,4.0860777,0.7507317419756598,1.7454872,1.6414983,3.8047976,https://di-india-collab.flow-analytics.io/tools/replay/2025-06-01T08:36:25Z
2025-06-01 08:36:28.984030962,10503799,10503813,car_v_car,6.2499413,3.5055637,0.8079418818232831,1.7828634,1.8907404,0.44762325,https://di-india-collab.flow-analytics.io/tools/replay/2025-06-01T08:36:18Z
2025-06-01 08:37:09.256117105,10504282,10504293,car_v_car,7.4137783,6.2464066,0.5000315414911838,1.1868869,2.0349674,0.22381163,https://di-india-collab.flow-analytics.io/tools/replay/2025-06-01T08:36:59Z
2025-06-01 08:41:46.833950996,10506895,10506911,car_v_car,7.7476764,5.178417,0.62307879892076,1.4961475,2.1317668,0.6714349,https://di-india-collab.flow-analytics.io/tools/replay/2025-06-01T08:41:36Z
2025-06-01 08:59:18.939582109,10515670,10515717,car_v_van,6.6789145,12.896621,0.5643449545429696,0.517881,0.9415579,2.2381163,https://di-india-collab.flow-analytics.io/tools/replay/2025-06-01T08:59:08Z
2025-06-01 09:01:54.258215904,10517244,10517431,truck_v_car,4.926697,0.655279,0.9948766086314064,7.518472,1.8256357,0.0,https://di-india-collab.flow-analytics.io/tools/replay/2025-06-01T09:01:44Z
2025-06-01 09:03:25.360218048,10518358,10518403,car_v_car,7.001225,4.282242,0.7285235624402535,1.6349438,0.2850623,3.8047976,https://di-india-collab.flow-analytics.io/tools/replay/2025-06-01T09:03:15Z
2025-06-01 09:03:59.812443972,10518668,10518739,car_v_car,7.322109,0.5594438,0.9971408622018344,13.088195,6.7391453,89.972275,https://di-india-collab.flow-analytics.io/tools/replay/2025-06-01T09:03:49Z
2025-06-01 09:06:28.753274918,10520273,10520282,van_v_car,7.435793,2.4096227,0.7817188818466775,3.0858743,2.0588236,3.1333628,https://di-india-collab.flow-analytics.io/tools/replay/2025-06-01T09:06:18Z
2025-06-01 09:11:27.866431952,10522986,10523003,car_v_car,1.1763456,0.253477,0.9999985142210795,4.640837,0.7741604,0.22381163,https://di-india-collab.flow-analytics.io/tools/replay/2025-06-01T09:11:17Z
2025-06-01 09:14:14.361915112,10525064,10525286,car_v_car,6.7160788,4.1655364,0.8139573648302584,1.6122962,1.4725542,2.9095511,https://di-india-collab.flow-analytics.io/tools/replay/2025-06-01T09:14:04Z
2025-06-01 09:15:36.122476101,10526022,10526157,car_v_car,6.124123,12.310282,0.5781305103065738,0.49748033,1.1818876,2.2381163,https://di-india-collab.flow-analytics.io/tools/replay/2025-06-01T09:15:26Z
2025-06-01 09:19:38.866826057,10529277,10529311,car_v_car,7.8213077,2.7284486,0.876315088990349,2.866577,2.537334,4.0286093,https://di-india-collab.flow-analytics.io/tools/replay/2025-06-01T09:19:28Z
2025-06-01 09:24:31.064796925,10532131,10532399,car_v_car,7.5081334,5.0348334,0.6398967632685992,1.4912376,1.0281392,8.840559,https://di-india-collab.flow-analytics.io/tools/replay/2025-06-01T09:24:21Z
2025-06-01 09:29:22.163846016,10535364,10535384,car_v_car,6.7688537,8.291053,0.5113517733556433,0.8164046,0.82879305,0.55952907,https://di-india-collab.flow-analytics.io/tools/replay/2025-06-01T09:29:12Z
2025-06-01 09:29:43.062455893,10535595,10535738,car_v_car,6.290882,1.5347527,0.9597177727085522,4.0989547,1.4376061,154.03835,https://di-india-collab.flow-analytics.io/tools/replay/2025-06-01T09:29:33Z
2025-06-01 09:34:00.462253094,10539031,10539050,car_v_car,7.9552584,3.9903176,0.7545585096734626,1.9936404,2.9904222,0.44762325,https://di-india-collab.flow-analytics.io/tools/replay/2025-06-01T09:33:50Z
2025-06-01 09:34:40.441359997,10539501,10539513,car_v_car,6.7630334,5.624468,0.6981681692894899,1.2024308,0.70979404,0.307741,https://di-india-collab.flow-analytics.io/tools/replay/2025-06-01T09:34:30Z
2025-06-01 09:36:01.760642052,10540216,10540353,car_v_car,7.75762,3.4116764,0.8135754950474475,2.273844,1.6407115,1.0071523,https://di-india-collab.flow-analytics.io/tools/replay/2025-06-01T09:35:51Z
2025-06-01 09:36:36.953432083,10540442,10540480,truck_v_van,4.2830744,1.519146,0.8914140194552826,2.8193963,1.726574,34.690804,https://di-india-collab.flow-analytics.io/tools/replay/2025-06-01T09:36:26Z
2025-06-01 09:36:35.150424004,10540916,10540933,car_v_car,7.906312,4.2994,0.6309960013431268,1.8389338,2.1267166,0.0,https://di-india-collab.flow-analytics.io/tools/replay/2025-06-01T09:36:25Z
2025-06-01 09:37:29.901757956,10541533,10541559,car_v_car,7.711915,3.7746117,0.7766896021552776,2.0431015,3.0774999,2.461928,https://di-india-collab.flow-analytics.io/tools/replay/2025-06-01T09:37:19Z
2025-06-01 09:38:51.822436094,10542569,10542612,van_v_car,7.723339,4.805652,0.6735459989922556,1.6071365,2.1457636,2.0143046,https://di-india-collab.flow-analytics.io/tools/replay/2025-06-01T09:38:41Z
2025-06-01 09:42:30.589359999,10544912,10544959,car_v_car,7.9249725,5.690708,0.5703401492457442,1.3926163,1.6991677,2.2381163,https://di-india-collab.flow-analytics.io/tools/replay/2025-06-01T09:42:20Z
2025-06-01 09:45:02.466478109,10546902,10547041,car_v_car,7.7432084,3.1192267,0.8417513666156062,2.4824128,0.20519686,9.176277,https://di-india-collab.flow-analytics.io/tools/replay/2025-06-01T09:44:52Z
2025-06-01 09:45:37.853207111,10547030,10547188,car_v_car,7.9499817,3.4890378,0.8059002670045654,2.27856,3.130354,0.8952465,https://di-india-collab.flow-analytics.io/tools/replay/2025-06-01T09:45:27Z
2025-06-01 09:45:40.363003016,10547370,10547401,car_v_van,7.6286964,3.9124038,0.7657502579219662,1.9498745,2.690937,0.55952907,https://di-india-collab.flow-analytics.io/tools/replay/2025-06-01T09:45:30Z
2025-06-01 09:45:41.241501093,10547401,10547445,van_v_car,6.5322223,4.0310993,0.7527034845951545,1.6204568,2.626149,0.6714349,https://di-india-collab.flow-analytics.io/tools/replay/2025-06-01T09:45:31Z
2025-06-01 09:47:09.869044065,10547979,10548230,car_v_car,7.0027895,3.757206,0.7928530533070406,1.863829,2.3369508,1.6785872,https://di-india-collab.flow-analytics.io/tools/replay/2025-06-01T09:46:59Z
2025-06-01 09:46:22.503506899,10547996,10548030,car_v_car,7.9562554,4.4019585,0.6307448098536688,1.8074353,2.938118,7.161972,https://di-india-collab.flow-analytics.io/tools/replay/2025-06-01T09:46:12Z
2025-06-01 09:47:30.671015024,10548690,10548727,car_v_car,7.84355,4.5085196,0.6969989929028458,1.7397175,2.5523152,0.22381163,https://di-india-collab.flow-analytics.io/tools/replay/2025-06-01T09:47:20Z
2025-06-01 09:48:57.986027002,10549889,10549918,car_v_car,7.922291,4.873848,0.6661599090342625,1.6254694,1.6208124,1.1190581,https://di-india-collab.flow-analytics.io/tools/replay/2025-06-01T09:48:47Z
2025-06-01 09:52:13.627274990,10552811,10552842,car_v_car,7.887097,4.9322805,0.6516105412769957,1.5990771,2.6029706,0.22381163,https://di-india-collab.flow-analytics.io/tools/replay/2025-06-01T09:52:03Z
2025-06-01 09:55:20.370318890,10555302,10555334,car_v_car,7.9439297,5.323607,0.6048838430904566,1.4922081,2.0783205,2.0143046,https://di-india-collab.flow-analytics.io/tools/replay/2025-06-01T09:55:10Z
2025-06-01 09:58:50.232552052,10557602,10557621,car_v_car,6.831253,2.6276982,0.836506666436989,2.59971,0.3833425,2.6857395,https://di-india-collab.flow-analytics.io/tools/replay/2025-06-01T09:58:40Z
2025-06-01 10:00:29.869858980,10558575,10558698,car_v_car,7.907979,4.3273544,0.7166820483359863,1.8274397,0.123434186,2.9095511,https://di-india-collab.flow-analytics.io/tools/replay/2025-06-01T10:00:19Z
2025-06-01 10:01:37.112056017,10559386,10559424,car_v_car,4.438753,2.457115,0.9219845656295814,1.8064898,2.0255554,11.260523,https://di-india-collab.flow-analytics.io/tools/replay/2025-06-01T10:01:27Z
2025-06-01 10:02:33.857733965,10560128,10560131,car_v_car,6.881389,4.615513,0.5906582227649737,1.4909263,0.7914667,0.11190581,https://di-india-collab.flow-analytics.io/tools/replay/2025-06-01T10:02:23Z
2025-06-01 10:06:50.162399054,10562754,10562780,car_v_car,7.276957,4.9920597,0.6427052207884707,1.4577063,2.0200756,1.4547756,https://di-india-collab.flow-analytics.io/tools/replay/2025-06-01T10:06:40Z
2025-06-01 10:09:08.755156994,10564315,10564332,car_v_car,7.911189,2.857807,0.8649882641798365,2.7682729,2.8956947,1.9023988,https://di-india-collab.flow-analytics.io/tools/replay/2025-06-01T10:08:58Z
2025-06-01 10:11:16.166779995,10565526,10565547,car_v_car,7.9983387,4.00474,0.7519291002650527,1.9972178,2.8126028,0.7833407,https://di-india-collab.flow-analytics.io/tools/replay/2025-06-01T10:11:06Z
2025-06-01 10:11:36.785275936,10565821,10565839,car_v_car,7.9050145,5.6144547,0.5909740933274116,1.4079754,1.912849,2.1262105,https://di-india-collab.flow-analytics.io/tools/replay/2025-06-01T10:11:26Z
2025-06-01 10:12:54.305417061,10566333,10566341,car_v_car,7.952327,5.0484495,0.6358700083876129,1.5752019,1.8253148,2.461928,https://di-india-collab.flow-analytics.io/tools/replay/2025-06-01T10:12:44Z
2025-06-01 10:12:56.417073011,10566354,10566361,car_v_car,7.8126407,5.543045,0.5805473885464396,1.4094492,1.9213662,0.6714349,https://di-india-collab.flow-analytics.io/tools/replay/2025-06-01T10:12:46Z
2025-06-01 10:13:22.465032101,10566651,10566688,car_v_car,7.771926,4.463493,0.705950563773392,1.7412207,2.5142798,4.252421,https://di-india-collab.flow-analytics.io/tools/replay/2025-06-01T10:13:12Z
2025-06-01 10:14:22.843436956,10567135,10567167,car_v_car,7.4293547,4.1555576,0.7392913519073698,1.7878118,2.5310984,1.3428698,https://di-india-collab.flow-analytics.io/tools/replay/2025-06-01T10:14:12Z
2025-06-01 10:19:11.924694061,10570440,10570454,car_v_car,7.81366,5.0299993,0.6295512059588813,1.5534118,2.5546887,4.0286093,https://di-india-collab.flow-analytics.io/tools/replay/2025-06-01T10:19:01Z
2025-06-01 10:20:34.063267946,10570992,10571290,car_v_car,7.8607264,1.4852235,0.5078467549625919,5.2926216,0.08077955,146.42876,https://di-india-collab.flow-analytics.io/tools/replay/2025-06-01T10:20:24Z
2025-06-01 10:23:35.114176989,10573114,10573132,car_v_car,7.9786396,2.689524,0.8905507488957096,2.966562,2.5903664,1.1190581,https://di-india-collab.flow-analytics.io/tools/replay/2025-06-01T10:23:25Z
2025-06-01 10:26:46.764574051,10575002,10575014,car_v_car,7.834282,5.3343515,0.6098472827315639,1.4686475,1.9756162,1.0071523,https://di-india-collab.flow-analytics.io/tools/replay/2025-06-01T10:26:36Z
2025-06-01 10:47:16.652129889,10589205,10589261,car_v_car,7.9170604,4.1561074,0.7408697090798895,1.904922,1.834269,5.371479,https://di-india-collab.flow-analytics.io/tools/replay/2025-06-01T10:47:06Z
2025-06-01 10:47:18.656311035,10589261,10589285,car_v_car,7.289277,3.6948905,0.7866761573742121,1.9727992,2.9027255,1.790493,https://di-india-collab.flow-analytics.io/tools/replay/2025-06-01T10:47:08Z
2025-06-01 10:49:35.056093931,10590311,10590600,car_v_car,5.1022744,3.2615533,0.8331749612682988,1.5643694,1.3871171,3.7208683,https://di-india-collab.flow-analytics.io/tools/replay/2025-06-01T10:49:25Z
2025-06-01 10:57:54.168031931,10597577,10597596,van_v_car,7.487033,6.135412,0.5196671118345554,1.2202983,1.6583776,0.22381163,https://di-india-collab.flow-analytics.io/tools/replay/2025-06-01T10:57:44Z
2025-06-01 10:58:28.847940922,10597589,10597970,car_v_car,7.576615,2.9181988,0.8595646241628553,2.5963326,2.0439801,3.8327742,https://di-india-collab.flow-analytics.io/tools/replay/2025-06-01T10:58:18Z
2025-06-01 10:58:55.787131071,10598243,10598325,car_v_car,7.6908655,5.698458,0.561609287019928,1.3496398,0.6515652,0.8952465,https://di-india-collab.flow-analytics.io/tools/replay/2025-06-01T10:58:45Z
2025-06-01 10:59:15.678342104,10598488,10598515,car_v_car,7.944694,5.730765,0.5597606920734829,1.3863235,1.7190624,0.44762325,https://di-india-collab.flow-analytics.io/tools/replay/2025-06-01T10:59:05Z
2025-06-01 11:00:40.862227917,10599030,10599310,car_v_car,0.15625,0.07434944,0.999999999683482,2.1015625,5.225735,14.603708,https://di-india-collab.flow-analytics.io/tools/replay/2025-06-01T11:00:30Z
2025-06-01 11:00:57.841996908,10599576,10599724,van_v_car,7.7086854,0.68488955,0.9892458371087112,11.25537,4.784794,152.30382,https://di-india-collab.flow-analytics.io/tools/replay/2025-06-01T11:00:47Z
2025-06-01 11:03:53.119462013,10601588,10601621,car_v_car,7.8757596,1.1693896,0.97465186214934,6.7349324,3.1398659,3.021457,https://di-india-collab.flow-analytics.io/tools/replay/2025-06-01T11:03:43Z
2025-06-01 11:07:36.056761026,10603508,10603612,car_v_car,6.9166365,2.7835262,0.8731463503319016,2.4848468,2.4047768,1.6785872,https://di-india-collab.flow-analytics.io/tools/replay/2025-06-01T11:07:26Z
2025-06-01 11:12:31.744429111,10606328,10606751,car_v_car,7.441192,3.8488758,0.7711031745231086,1.9333417,1.3902802,1.0071523,https://di-india-collab.flow-analytics.io/tools/replay/2025-06-01T11:12:21Z
2025-06-01 11:13:02.615999937,10607056,10607079,car_v_car,6.7711596,3.1010008,0.8426625915097905,2.18354,2.444971,4.4762325,https://di-india-collab.flow-analytics.io/tools/replay/2025-06-01T11:12:52Z
2025-06-01 11:14:47.620465994,10608147,10608151,car_v_car,7.741174,3.658553,0.7918232201989759,2.1159115,0.35537195,2.6857395,https://di-india-collab.flow-analytics.io/tools/replay/2025-06-01T11:14:37Z
2025-06-01 11:19:44.972475052,10611631,10611644,car_v_car,7.782505,5.583831,0.574946614789939,1.3937573,1.650429,1.6785872,https://di-india-collab.flow-analytics.io/tools/replay/2025-06-01T11:19:34Z
2025-06-01 11:23:41.117331982,10614220,10614238,car_v_car,7.7818146,5.6274567,0.5706285098057131,1.3828298,2.2325048,0.44762325,https://di-india-collab.flow-analytics.io/tools/replay/2025-06-01T11:23:31Z
2025-06-01 11:23:41.822724104,10614238,10614261,car_v_car,7.8064036,3.0310223,0.8507866504570212,2.575502,3.0992055,0.44762325,https://di-india-collab.flow-analytics.io/tools/replay/2025-06-01T11:23:31Z
2025-06-01 11:25:07.053695917,10615192,10615193,car_v_car,6.957741,5.061337,0.6272417858313165,1.3746843,1.1544476,1.5666814,https://di-india-collab.flow-analytics.io/tools/replay/2025-06-01T11:24:57Z
2025-06-01 11:25:14.954161882,10615202,10615236,car_v_car,7.4760566,5.8336983,0.5485198622005687,1.2815295,1.7593597,0.0,https://di-india-collab.flow-analytics.io/tools/replay/2025-06-01T11:25:04Z
2025-06-01 11:25:59.187064886,10615697,10615963,car_v_car,7.7482986,5.759037,0.5567776427819484,1.3454157,1.4190681,0.22381163,https://di-india-collab.flow-analytics.io/tools/replay/2025-06-01T11:25:49Z
2025-06-01 11:26:41.235034943,10616424,10616444,car_v_car,6.4697785,5.72503,0.5476201932490429,1.1300864,1.6142101,3.580986,https://di-india-collab.flow-analytics.io/tools/replay/2025-06-01T11:26:31Z
2025-06-01 11:26:55.976008892,10616643,10616658,car_v_car,6.868978,6.1115146,0.5171054793183865,1.1239403,1.9167244,2.2381163,https://di-india-collab.flow-analytics.io/tools/replay/2025-06-01T11:26:45Z
2025-06-01 11:28:34.825596094,10617362,10617371,car_v_car,4.3055663,6.175908,0.9203901117061988,0.6971552,0.1775384,4.252421,https://di-india-collab.flow-analytics.io/tools/replay/2025-06-01T11:28:24Z
2025-06-01 11:31:00.417208910,10619436,10619465,car_v_car,7.8135157,3.2877603,0.8283505898483655,2.3765466,3.511444,2.951516,https://di-india-collab.flow-analytics.io/tools/replay/2025-06-01T11:30:50Z
2025-06-01 11:36:55.820581913,10623677,10623725,car_v_car,7.855759,3.3701816,0.8161116963689503,2.3309603,2.7548337,7.4487305,https://di-india-collab.flow-analytics.io/tools/replay/2025-06-01T11:36:45Z
2025-06-01 11:36:45.830198050,10624076,10624115,car_v_car,7.767747,3.9473174,0.7581695471826944,1.9678546,2.8357005,2.2381163,https://di-india-collab.flow-analytics.io/tools/replay/2025-06-01T11:36:35Z
2025-06-01 11:38:38.943447113,10624934,10625079,car_v_car,7.568325,4.7987375,0.6665611957613538,1.5771493,2.1828904,2.8256218,https://di-india-collab.flow-analytics.io/tools/replay/2025-06-01T11:38:28Z
2025-06-01 11:41:50.326385975,10628236,10628262,car_v_car,7.192678,3.1652532,0.7117691421006505,2.2723863,1.4648421,5.1476674,https://di-india-collab.flow-analytics.io/tools/replay/2025-06-01T11:41:40Z
2025-06-01 11:44:28.070904970,10630441,10630489,car_v_car,7.9006433,6.1350446,0.5121844023508787,1.2877891,0.4021834,0.0,https://di-india-collab.flow-analytics.io/tools/replay/2025-06-01T11:44:18Z
2025-06-01 11:47:02.977618933,10632493,10632569,car_v_car,6.164929,6.157321,0.5588274431930678,1.0012356,0.57872605,1.1190581,https://di-india-collab.flow-analytics.io/tools/replay/2025-06-01T11:46:52Z
2025-06-01 11:47:10.971760035,10632783,10632811,car_v_car,7.9523277,6.105913,0.5477960015536698,1.3023977,1.643671,1.4547756,https://di-india-collab.flow-analytics.io/tools/replay/2025-06-01T11:47:00Z
2025-06-01 11:47:34.449028969,10633391,10633406,car_v_car,7.618309,5.7026043,0.5613534535377368,1.3359351,1.6817856,0.6714349,https://di-india-collab.flow-analytics.io/tools/replay/2025-06-01T11:47:24Z
2025-06-01 11:48:29.119995117,10633664,10633708,car_v_car,7.801706,4.943254,0.6523155777017869,1.5782531,2.0240319,1.5666814,https://di-india-collab.flow-analytics.io/tools/replay/2025-06-01T11:48:19Z
2025-06-01 11:50:51.617503881,10635923,10635946,car_v_car,7.754031,4.7400107,0.6713670091343957,1.6358678,1.7622609,3.1333628,https://di-india-collab.flow-analytics.io/tools/replay/2025-06-01T11:50:41Z
2025-06-01 11:52:04.373641014,10636948,10636996,car_v_car,7.509484,2.973641,0.8541473825405189,2.5253499,2.9736516,2.1262105,https://di-india-collab.flow-analytics.io/tools/replay/2025-06-01T11:51:54Z
2025-06-01 11:55:59.174642086,10639282,10639332,car_v_car,5.3914413,2.7105012,0.879761900956296,1.9890939,2.5778816,10.742958,https://di-india-collab.flow-analytics.io/tools/replay/2025-06-01T11:55:49Z
2025-06-01 11:56:01.082088947,10639332,10639490,car_v_car,7.8457537,4.756141,0.6247917680560844,1.6496049,2.1622818,1.3428698,https://di-india-collab.flow-analytics.io/tools/replay/2025-06-01T11:55:51Z
2025-06-01 11:56:05.063370943,10639490,10639512,car_v_car,1.3549902,1.2634443,0.9977776897171672,1.0724574,0.25357962,35.80986,https://di-india-collab.flow-analytics.io/tools/replay/2025-06-01T11:55:55Z
2025-06-01 11:56:29.085463047,10640374,10640386,car_v_car,7.942297,4.210993,0.730030437195693,1.8860865,2.4250033,0.6714349,https://di-india-collab.flow-analytics.io/tools/replay/2025-06-01T11:56:19Z
2025-06-01 11:57:30.147694111,10640852,10640881,car_v_car,7.8010173,4.3031383,0.7248636972593439,1.8128669,2.6457093,0.8952465,https://di-india-collab.flow-analytics.io/tools/replay/2025-06-01T11:57:20Z
2025-06-01 11:57:39.019388914,10641274,10641283,car_v_car,7.1053042,4.569395,0.5537074006986494,1.5549769,1.1468897,1.5666814,https://di-india-collab.flow-analytics.io/tools/replay/2025-06-01T11:57:29Z
2025-06-01 11:58:42.674186945,10642223,10642255,car_v_car,7.915512,6.0757,0.5249286505700204,1.3028148,1.7555355,2.0143046,https://di-india-collab.flow-analytics.io/tools/replay/2025-06-01T11:58:32Z
2025-06-01 12:03:05.057097912,10646108,10646139,car_v_car,7.332771,3.8122106,0.6986126088316351,1.9234958,2.538351,1.4547756,https://di-india-collab.flow-analytics.io/tools/replay/2025-06-01T12:02:55Z
2025-06-01 12:03:35.943906069,10646528,10646570,car_v_car,7.8300586,5.673058,0.6701330163591435,1.3802183,0.41339922,2.9095511,https://di-india-collab.flow-analytics.io/tools/replay/2025-06-01T12:03:25Z
2025-06-01 12:13:22.689815044,10654424,10655304,car_v_car,7.863117,3.447821,0.8095101568838267,2.2806048,2.97215,3.580986,https://di-india-collab.flow-analytics.io/tools/replay/2025-06-01T12:13:12Z
2025-06-01 12:13:24.086539984,10655304,10655370,car_v_car,6.988062,2.9485059,0.8568457397228726,2.370035,3.407467,2.0143046,https://di-india-collab.flow-analytics.io/tools/replay/2025-06-01T12:13:14Z
2025-06-01 12:13:25.493524075,10655370,10655421,car_v_car,6.708568,4.9313827,0.5955920141450497,1.3603828,2.2425132,0.0,https://di-india-collab.flow-analytics.io/tools/replay/2025-06-01T12:13:15Z
2025-06-01 12:17:01.158132076,10658760,10658777,car_v_van,6.177865,4.1744795,0.6910537994728879,1.4799126,1.2451205,1.4547756,https://di-india-collab.flow-analytics.io/tools/replay/2025-06-01T12:16:51Z
2025-06-01 12:17:01.681560993,10658899,10658967,car_v_van,5.602908,3.3871322,0.6550739137824584,1.6541747,1.0098543,0.0,https://di-india-collab.flow-analytics.io/tools/replay/2025-06-01T12:16:51Z
2025-06-01 12:17:23.337141037,10659383,10659408,van_v_car,4.293237,0.74179757,0.9990446669063028,5.787613,0.97621155,0.6714349,https://di-india-collab.flow-analytics.io/tools/replay/2025-06-01T12:17:13Z
2025-06-01 12:27:42.885673046,10666947,10666973,car_v_car,7.3757043,6.296158,0.5187080311125533,1.1714611,1.186934,5.035762,https://di-india-collab.flow-analytics.io/tools/replay/2025-06-01T12:27:32Z
2025-06-01 12:30:03.248802900,10668515,10668540,car_v_car,6.5894723,3.0136533,0.6186345072822388,2.1865396,0.42779303,2.461928,https://di-india-collab.flow-analytics.io/tools/replay/2025-06-01T12:29:53Z
2025-06-01 12:30:35.831149101,10668828,10668846,car_v_car,5.534427,5.7998753,0.5714706273123592,0.9542321,0.37198353,0.44762325,https://di-india-collab.flow-analytics.io/tools/replay/2025-06-01T12:30:25Z
2025-06-01 12:34:40.119920015,10670597,10671734,bus_v_car,2.321312,0.3355428,0.9374975685771726,6.91808,4.47836,126.34166,https://di-india-collab.flow-analytics.io/tools/replay/2025-06-01T12:34:30Z
2025-06-01 12:35:53.866632938,10672698,10672713,car_v_car,7.9417586,3.779498,0.7886428707975526,2.1012733,2.6397443,1.5666814,https://di-india-collab.flow-analytics.io/tools/replay/2025-06-01T12:35:43Z
2025-06-01 12:38:48.054893970,10674620,10674644,car_v_car,7.8434386,4.56026,0.6931338861612159,1.7199544,2.6445835,3.6928918,https://di-india-collab.flow-analytics.io/tools/replay/2025-06-01T12:38:38Z
2025-06-01 12:45:46.533627033,10679980,10680018,car_v_car,7.613869,6.150012,0.5996721925962005,1.2380251,1.124969,0.44762325,https://di-india-collab.flow-analytics.io/tools/replay/2025-06-01T12:45:36Z
2025-06-01 12:49:45.247612000,10682688,10682708,car_v_car,6.383343,4.374048,0.7219841278631349,1.4593674,1.7008705,3.1333628,https://di-india-collab.flow-analytics.io/tools/replay/2025-06-01T12:49:35Z
2025-06-01 12:53:13.042741060,10684699,10684705,car_v_car,7.7613955,5.534133,0.5891938197439925,1.4024591,2.2681396,2.350022,https://di-india-collab.flow-analytics.io/tools/replay/2025-06-01T12:53:03Z
2025-06-01 12:57:13.721515894,10686693,10687076,car_v_car,7.3615756,4.8764367,0.6815492843734552,1.5096219,1.3253565,1.0071523,https://di-india-collab.flow-analytics.io/tools/replay/2025-06-01T12:57:03Z
2025-06-01 12:56:30.063478946,10686840,10686857,car_v_car,7.932885,5.3048778,0.6404304535193894,1.4953945,0.6985321,0.8952465,https://di-india-collab.flow-analytics.io/tools/replay/2025-06-01T12:56:20Z
2025-06-01 13:00:25.474941015,10688885,10688901,car_v_car,6.164035,6.0967884,0.551695603144316,1.0110298,1.1795537,2.2381163,https://di-india-collab.flow-analytics.io/tools/replay/2025-06-01T13:00:15Z
2025-06-01 13:00:43.777188063,10689426,10689452,car_v_car,6.4344845,2.7808,0.9240873724529932,2.313897,2.0891013,1.790493,https://di-india-collab.flow-analytics.io/tools/replay/2025-06-01T13:00:33Z
2025-06-01 13:02:18.084567070,10690352,10690405,car_v_car,6.535062,1.8551438,0.9413791142160642,3.5226712,0.8359518,24.171656,https://di-india-collab.flow-analytics.io/tools/replay/2025-06-01T13:02:08Z
2025-06-01 13:03:27.135073900,10691154,10691415,car_v_van,7.3001533,4.703398,0.6800098353428684,1.5521019,0.92643714,0.22381163,https://di-india-collab.flow-analytics.io/tools/replay/2025-06-01T13:03:17Z
2025-06-01 13:06:36.814537048,10693567,10693585,truck_v_car,6.963813,61.957035,0.6322802220312991,0.112397455,0.015853882,0.0,https://di-india-collab.flow-analytics.io/tools/replay/2025-06-01T13:06:26Z
2025-06-01 13:09:05.296355009,10695381,10695760,car_v_car,6.955807,3.6091685,0.798034497987529,1.9272603,2.141735,1.1470346,https://di-india-collab.flow-analytics.io/tools/replay/2025-06-01T13:08:55Z
2025-06-01 13:09:08.292206049,10695888,10695945,car_v_car,6.705387,5.7247314,0.5589813794311083,1.1713016,1.4884317,0.027976453,https://di-india-collab.flow-analytics.io/tools/replay/2025-06-01T13:08:58Z
2025-06-01 13:10:14.855607986,10696832,10696877,car_v_car,7.5625644,3.9442108,0.7619291348577488,1.9173834,2.7008855,2.6857395,https://di-india-collab.flow-analytics.io/tools/replay/2025-06-01T13:10:04Z
2025-06-01 13:15:21.574276924,10701368,10701862,car_v_car,6.3400545,0.92900664,0.808710277391058,6.8245525,0.23897219,34.690804,https://di-india-collab.flow-analytics.io/tools/replay/2025-06-01T13:15:11Z
2025-06-01 13:15:20.876131058,10701824,10701862,car_v_car,7.946415,4.752367,0.6693559770583457,1.6720963,2.3567765,0.8952465,https://di-india-collab.flow-analytics.io/tools/replay/2025-06-01T13:15:10Z
2025-06-01 13:15:39.485250950,10702240,10702255,car_v_car,5.999105,4.3006415,0.7028646330037442,1.3949326,1.229734,1.0071523,https://di-india-collab.flow-analytics.io/tools/replay/2025-06-01T13:15:29Z
2025-06-01 13:17:45.317579985,10704121,10704133,car_v_car,7.1263704,5.531384,0.5804715589311934,1.2883521,1.908818,1.230964,https://di-india-collab.flow-analytics.io/tools/replay/2025-06-01T13:17:35Z
2025-06-01 13:28:26.553997993,10712564,10712594,car_v_van,6.2578077,5.6691465,0.5714184167376362,1.1038359,1.0157304,0.0,https://di-india-collab.flow-analytics.io/tools/replay/2025-06-01T13:28:16Z
2025-06-01 13:30:26.268357038,10714149,10714186,car_v_car,5.075841,5.7418017,0.932228301840582,0.8840154,0.17876244,0.8952465,https://di-india-collab.flow-analytics.io/tools/replay/2025-06-01T13:30:16Z
2025-06-01 13:35:28.119827032,10718058,10718064,car_v_car,3.1605787,0.9622087,0.9985471117855176,3.2847123,0.9402709,2.0143046,https://di-india-collab.flow-analytics.io/tools/replay/2025-06-01T13:35:18Z
2025-06-01 13:43:25.227726936,10725556,10725596,car_v_car,7.6038547,4.309043,0.7474453574378974,1.7646272,0.9627552,0.44762325,https://di-india-collab.flow-analytics.io/tools/replay/2025-06-01T13:43:15Z
2025-06-01 13:44:45.387764931,10726989,10727015,car_v_car,7.965456,5.049424,0.6359197362998662,1.577498,2.3845491,0.22381163,https://di-india-collab.flow-analytics.io/tools/replay/2025-06-01T13:44:35Z
2025-06-01 13:48:37.704616070,10730723,10730740,car_v_car,5.050526,4.529611,0.9472907065647196,1.1150022,0.55144215,0.33571744,https://di-india-collab.flow-analytics.io/tools/replay/2025-06-01T13:48:27Z
2025-06-01 13:50:06.145093918,10732025,10732069,car_v_car,4.6065936,5.211422,0.596545760159801,0.88394177,1.0568626,0.7833407,https://di-india-collab.flow-analytics.io/tools/replay/2025-06-01T13:49:56Z
2025-06-01 13:53:01.726633072,10733945,10733953,car_v_car,4.3346353,7.654665,0.941226608108627,0.5662737,0.2563324,2.6857395,https://di-india-collab.flow-analytics.io/tools/replay/2025-06-01T13:52:51Z
2025-06-01 13:59:26.266463995,10738821,10739452,car_v_car,3.2913535,2.4159532,0.7447806242914983,1.3623416,2.1821322,4.923856,https://di-india-collab.flow-analytics.io/tools/replay/2025-06-01T13:59:16Z
2025-06-01 14:03:02.171438932,10741809,10741855,car_v_car,5.2738557,2.569621,0.8973594464299905,2.0523865,2.8362932,0.39167035,https://di-india-collab.flow-analytics.io/tools/replay/2025-06-01T14:02:52Z
2025-06-01 14:11:25.766565084,10748816,10748837,car_v_car,6.7864323,5.3244143,0.6229275134532446,1.2745876,1.4109976,0.44762325,https://di-india-collab.flow-analytics.io/tools/replay/2025-06-01T14:11:15Z
2025-06-01 14:12:13.664413929,10749465,10749491,car_v_car,7.107968,3.906704,0.7605968031574901,1.8194283,2.6564765,5.1476674,https://di-india-collab.flow-analytics.io/tools/replay/2025-06-01T14:12:03Z
2025-06-01 14:15:11.934968948,10751267,10751523,car_v_car,7.082814,4.406736,0.7135195919608305,1.60727,2.130545,0.6714349,https://di-india-collab.flow-analytics.io/tools/replay/2025-06-01T14:15:01Z
2025-06-01 14:15:34.235408068,10751579,10751793,car_v_car,6.3756895,2.2028182,0.958356690258111,2.8943331,2.3065548,1.1190581,https://di-india-collab.flow-analytics.io/tools/replay/2025-06-01T14:15:24Z
2025-06-01 14:15:36.478697062,10751793,10751835,car_v_car,7.8055596,2.2507718,0.9139248862438084,3.467948,4.7961473,1.4547756,https://di-india-collab.flow-analytics.io/tools/replay/2025-06-01T14:15:26Z
2025-06-01 14:15:39.090289116,10752128,10752129,car_v_car,7.9968295,4.919724,0.6605000036825796,1.625463,1.5076694,0.22381163,https://di-india-collab.flow-analytics.io/tools/replay/2025-06-01T14:15:29Z
2025-06-01 14:15:40.673018932,10752129,10752392,car_v_car,7.986875,4.9498205,0.6481426178971712,1.6135687,2.5683882,0.22381163,https://di-india-collab.flow-analytics.io/tools/replay/2025-06-01T14:15:30Z
2025-06-01 14:15:41.690432072,10752326,10752392,car_v_car,7.8840923,5.096361,0.6409890697708891,1.5470042,2.7075357,1.230964,https://di-india-collab.flow-analytics.io/tools/replay/2025-06-01T14:15:31Z
2025-06-01 14:16:13.094961882,10752719,10752806,car_v_car,6.658308,6.1711574,0.5101897085317528,1.0789399,1.429303,7.833407,https://di-india-collab.flow-analytics.io/tools/replay/2025-06-01T14:16:03Z
2025-06-01 14:15:42.090431929,10752755,10752764,car_v_car,7.897599,2.4678547,0.8979175632827752,3.2001882,1.489013,0.33571744,https://di-india-collab.flow-analytics.io/tools/replay/2025-06-01T14:15:32Z
2025-06-01 14:16:53.736855030,10753204,10753577,car_v_car,7.3342066,3.342423,0.6369932022131628,2.1942785,2.0816488,15.666814,https://di-india-collab.flow-analytics.io/tools/replay/2025-06-01T14:16:43Z
2025-06-01 14:16:57.055787086,10753577,10753704,car_v_car,7.9692345,5.1289115,0.6285466938500004,1.5537866,1.858454,1.5666814,https://di-india-collab.flow-analytics.io/tools/replay/2025-06-01T14:16:47Z
2025-06-01 14:17:56.567300081,10754537,10754830,car_v_car,6.820211,4.9907885,0.6432466867391256,1.3665599,0.46769106,3.0774097,https://di-india-collab.flow-analytics.io/tools/replay/2025-06-01T14:17:46Z
2025-06-01 14:22:04.354667902,10758279,10758303,car_v_car,7.970787,5.875619,0.5417045841407628,1.3565868,1.977928,2.7976453,https://di-india-collab.flow-analytics.io/tools/replay/2025-06-01T14:21:54Z
2025-06-01 14:22:09.514548063,10758349,10758372,car_v_car,7.8599343,4.454013,0.7037266538843012,1.764686,2.2823439,0.55952907,https://di-india-collab.flow-analytics.io/tools/replay/2025-06-01T14:21:59Z
2025-06-01 14:23:31.729996920,10759343,10759358,car_v_car,7.833425,5.8618903,0.5468505261023046,1.3363309,2.3253605,0.7833407,https://di-india-collab.flow-analytics.io/tools/replay/2025-06-01T14:23:21Z
2025-06-01 14:24:37.067647934,10759485,10760053,car_v_car,7.8533573,4.2207665,0.7675372948167035,1.8606472,1.727633,4.4762325,https://di-india-collab.flow-analytics.io/tools/replay/2025-06-01T14:24:27Z
2025-06-01 14:24:51.065799951,10760454,10760475,car_v_car,7.3439536,4.220796,0.6870192524685748,1.739945,1.9242077,0.7833407,https://di-india-collab.flow-analytics.io/tools/replay/2025-06-01T14:24:41Z
2025-06-01 14:26:05.771450043,10761266,10761333,car_v_car,5.610823,4.4952517,0.7119208503430507,1.2481667,0.024755716,2.2381163,https://di-india-collab.flow-analytics.io/tools/replay/2025-06-01T14:25:55Z
2025-06-01 14:28:51.017879009,10763123,10763798,car_v_car,7.5428624,5.3997836,0.5988548492064532,1.3968823,0.13685799,0.6714349,https://di-india-collab.flow-analytics.io/tools/replay/2025-06-01T14:28:41Z
2025-06-01 14:29:21.963835001,10764520,10764523,car_v_car,6.57328,5.8941274,0.5423954753079495,1.1152253,0.5314579,0.55952907,https://di-india-collab.flow-analytics.io/tools/replay/2025-06-01T14:29:11Z
2025-06-01 14:30:49.759196043,10765714,10765719,car_v_car,7.83623,6.3087707,0.5027269466201421,1.2421168,0.37118995,0.11190581,https://di-india-collab.flow-analytics.io/tools/replay/2025-06-01T14:30:39Z
2025-06-01 14:30:49.409244061,10765719,10765778,car_v_car,7.913106,3.203014,0.8333875882741144,2.4705188,3.2937593,0.55952907,https://di-india-collab.flow-analytics.io/tools/replay/2025-06-01T14:30:39Z
2025-06-01 14:32:04.238148928,10766869,10767224,car_v_car,7.904536,4.3706303,0.6965302443844477,1.8085574,1.8219144,2.0143046,https://di-india-collab.flow-analytics.io/tools/replay/2025-06-01T14:31:54Z
2025-06-01 14:34:19.368539095,10769650,10769679,car_v_car,7.935931,6.002825,0.5273366118912257,1.3220328,1.9798609,0.22381163,https://di-india-collab.flow-analytics.io/tools/replay/2025-06-01T14:34:09Z
2025-06-01 14:35:52.072859049,10771218,10771235,car_v_van,7.6817975,4.9881535,0.6487956657371639,1.5400083,2.10717,2.9095511,https://di-india-collab.flow-analytics.io/tools/replay/2025-06-01T14:35:42Z
2025-06-01 14:37:43.435959101,10772002,10772092,car_v_car,7.774674,6.208892,0.5039384314169533,1.2521838,2.0401444,0.0,https://di-india-collab.flow-analytics.io/tools/replay/2025-06-01T14:37:33Z
2025-06-01 14:37:05.398039103,10772590,10772593,car_v_car,4.3125,2.5034013,0.8971835735792048,1.7226562,2.5414476,0.11190581,https://di-india-collab.flow-analytics.io/tools/replay/2025-06-01T14:36:55Z
2025-06-01 14:40:20.878725052,10775166,10775191,car_v_car,7.915512,5.080532,0.636562714173373,1.5580086,2.0044575,1.5666814,https://di-india-collab.flow-analytics.io/tools/replay/2025-06-01T14:40:10Z
2025-06-01 14:41:31.528323889,10776087,10776104,car_v_car,7.8824525,5.788512,0.5547842087334101,1.3617407,1.861434,1.0071523,https://di-india-collab.flow-analytics.io/tools/replay/2025-06-01T14:41:21Z
2025-06-01 14:41:29.233376980,10776089,10776106,car_v_car,3.7335904,1.4404612,0.994985668773362,2.591941,1.9823079,0.22381163,https://di-india-collab.flow-analytics.io/tools/replay/2025-06-01T14:41:19Z
2025-06-01 14:43:06.552376032,10777100,10777144,car_v_car,7.825389,4.1882653,0.7375464306103667,1.8684082,2.6297457,1.790493,https://di-india-collab.flow-analytics.io/tools/replay/2025-06-01T14:42:56Z
2025-06-01 14:44:58.759752989,10778203,10778842,car_v_car,1.7321212,0.631882,0.9998706604979,2.74121,0.4099598,10.687005,https://di-india-collab.flow-analytics.io/tools/replay/2025-06-01T14:44:48Z
2025-06-01 14:49:54.178652048,10782978,10783054,van_v_car,6.9440074,4.9068594,0.6533018881320538,1.4151633,0.65239525,2.0143046,https://di-india-collab.flow-analytics.io/tools/replay/2025-06-01T14:49:44Z
2025-06-01 14:54:34.760210991,10784423,10786682,car_v_car,7.622881,4.4628086,0.712395520783329,1.7080905,0.6926241,9.847712,https://di-india-collab.flow-analytics.io/tools/replay/2025-06-01T14:54:24Z
2025-06-01 14:51:59.177180052,10784583,10784634,car_v_car,7.881709,6.0756507,0.5215074270056903,1.2972617,1.4850218,1.230964,https://di-india-collab.flow-analytics.io/tools/replay/2025-06-01T14:51:49Z
2025-06-01 14:54:57.237221003,10786829,10786888,car_v_car,7.994234,5.778517,0.5524106521206009,1.3834405,1.8658087,1.9023988,https://di-india-collab.flow-analytics.io/tools/replay/2025-06-01T14:54:47Z
2025-06-01 14:54:58.742058992,10786888,10786984,car_v_car,7.9527116,4.897846,0.6546817006750372,1.623716,2.1013613,1.0071523,https://di-india-collab.flow-analytics.io/tools/replay/2025-06-01T14:54:48Z
2025-06-01 14:56:00.392174006,10787150,10787424,car_v_car,7.7803245,5.142747,0.625848257269378,1.5128733,1.6983666,1.3428698,https://di-india-collab.flow-analytics.io/tools/replay/2025-06-01T14:55:50Z
2025-06-01 14:56:10.680897951,10787516,10787777,car_v_car,6.3677363,5.9921036,0.564239847074161,1.062688,1.8025494,3.021457,https://di-india-collab.flow-analytics.io/tools/replay/2025-06-01T14:56:00Z
2025-06-01 14:57:27.705513954,10788417,10788444,car_v_car,7.147238,2.4128602,0.9027144300903476,2.9621434,0.9557142,6.2667255,https://di-india-collab.flow-analytics.io/tools/replay/2025-06-01T14:57:17Z
2025-06-01 14:57:40.383486986,10788941,10788955,car_v_car,3.4085429,0.654531,0.9930436941607632,5.207611,0.5793123,5.5952907,https://di-india-collab.flow-analytics.io/tools/replay/2025-06-01T14:57:30Z
2025-06-01 14:57:43.370745897,10788941,10788983,car_v_car,7.7142572,1.8979809,0.6902313202601966,4.0644546,2.8840368,3.1333628,https://di-india-collab.flow-analytics.io/tools/replay/2025-06-01T14:57:33Z
2025-06-01 15:01:33.730931044,10790997,10791195,car_v_car,7.5621285,4.691656,0.6792888503430905,1.611825,1.3079866,0.3636939,https://di-india-collab.flow-analytics.io/tools/replay/2025-06-01T15:01:23Z
2025-06-01 15:02:51.375937939,10792182,10792204,car_v_car,7.309862,5.490231,0.5872218630782539,1.3314307,1.98009,1.5666814,https://di-india-collab.flow-analytics.io/tools/replay/2025-06-01T15:02:41Z
2025-06-01 15:03:24.251266003,10792364,10792576,car_v_car,7.3861804,3.606178,0.7946042621079412,2.0482018,1.1069493,1.230964,https://di-india-collab.flow-analytics.io/tools/replay/2025-06-01T15:03:14Z
2025-06-01 15:12:16.070090055,10798492,10799092,bus_v_car,1.9681609,0.35601828,0.9990343097928972,5.528258,0.56935406,99.0926,https://di-india-collab.flow-analytics.io/tools/replay/2025-06-01T15:12:06Z
2025-06-01 15:17:40.535064936,10801441,10803625,car_v_car,6.9903846,2.3481722,0.908675409436578,2.976947,0.46268559,35.222355,https://di-india-collab.flow-analytics.io/tools/replay/2025-06-01T15:17:30Z
2025-06-01 15:19:21.446970940,10805014,10805029,car_v_car,7.5479746,4.650885,0.6844246039390045,1.6229115,1.6438615,2.5738337,https://di-india-collab.flow-analytics.io/tools/replay/2025-06-01T15:19:11Z
2025-06-01 15:24:55.332765102,10809061,10809111,car_v_car,7.9715858,5.61359,0.5724511820795075,1.4200513,1.9668264,2.0143046,https://di-india-collab.flow-analytics.io/tools/replay/2025-06-01T15:24:45Z
2025-06-01 15:27:26.675904036,10809416,10810392,car_v_car,7.31772,6.5734653,0.632891807565102,1.113221,0.53107023,3.1333628,https://di-india-collab.flow-analytics.io/tools/replay/2025-06-01T15:27:16Z
2025-06-01 15:27:43.885397911,10810748,10810775,car_v_car,7.978318,5.604428,0.5731482885122259,1.4235741,1.8606353,1.3428698,https://di-india-collab.flow-analytics.io/tools/replay/2025-06-01T15:27:33Z
2025-06-01 15:30:03.456828117,10812096,10812106,car_v_car,7.412247,5.5653377,0.6212212384900849,1.3318594,1.3532205,0.6714349,https://di-india-collab.flow-analytics.io/tools/replay/2025-06-01T15:29:53Z
2025-06-01 15:31:56.395726919,10812314,10813166,car_v_car,7.763408,1.1618664,0.967757349493638,6.6818423,2.2428017,1.9023988,https://di-india-collab.flow-analytics.io/tools/replay/2025-06-01T15:31:46Z
2025-06-01 15:34:12.188112020,10814630,10814662,car_v_car,3.4011214,4.6716456,0.5469404988891569,0.728035,0.030246496,9.623899,https://di-india-collab.flow-analytics.io/tools/replay/2025-06-01T15:34:02Z
2025-06-01 15:35:01.544080973,10815124,10815366,car_v_car,6.574171,1.5348394,0.958549612998844,4.2832956,0.11796117,10.295335,https://di-india-collab.flow-analytics.io/tools/replay/2025-06-01T15:34:51Z
2025-06-01 15:43:57.569879055,10821277,10821303,car_v_car,7.8793545,3.721846,0.7831714738761921,2.1170554,0.86427116,0.8952465,https://di-india-collab.flow-analytics.io/tools/replay/2025-06-01T15:43:47Z
2025-06-01 15:45:38.089504957,10821720,10821736,car_v_car,7.6976385,6.02564,0.5345306005057613,1.2774806,1.508843,0.55952907,https://di-india-collab.flow-analytics.io/tools/replay/2025-06-01T15:45:28Z
2025-06-01 15:46:31.728267908,10822254,10822415,car_v_car,7.7406144,3.1500456,0.8384136371061262,2.4573023,2.3560925,5.0917144,https://di-india-collab.flow-analytics.io/tools/replay/2025-06-01T15:46:21Z
2025-06-01 15:46:10.851562023,10822329,10822360,van_v_car,6.295944,9.06437,0.6892485417160548,0.69458157,2.4535198,3.2452686,https://di-india-collab.flow-analytics.io/tools/replay/2025-06-01T15:46:00Z
2025-06-01 15:47:06.794265985,10822615,10822930,van_v_car,7.6386275,7.720756,0.6579271040439305,0.98936266,0.5489893,0.615482,https://di-india-collab.flow-analytics.io/tools/replay/2025-06-01T15:46:56Z
2025-06-01 15:47:48.083359957,10823622,10823624,car_v_van,6.9768033,6.104032,0.5196449642233094,1.1429827,0.6055546,3.4690802,https://di-india-collab.flow-analytics.io/tools/replay/2025-06-01T15:47:38Z
2025-06-01 15:51:48.600230932,10826153,10826210,car_v_car,7.962758,7.6654415,0.5845539067809016,1.0387866,0.9290838,0.22381163,https://di-india-collab.flow-analytics.io/tools/replay/2025-06-01T15:51:38Z
2025-06-01 15:52:28.546298981,10826735,10826749,car_v_car,7.420493,4.98679,0.644061527120747,1.48803,1.6256909,2.461928,https://di-india-collab.flow-analytics.io/tools/replay/2025-06-01T15:52:18Z
2025-06-01 15:52:49.069411993,10826934,10826951,car_v_car,7.975671,4.80914,0.6638874619421371,1.6584401,2.5139005,0.11190581,https://di-india-collab.flow-analytics.io/tools/replay/2025-06-01T15:52:39Z
2025-06-01 15:54:31.971108913,10827778,10827864,car_v_car,5.9620895,8.92587,0.6390972743323768,0.6679561,0.81398964,0.7833407,https://di-india-collab.flow-analytics.io/tools/replay/2025-06-01T15:54:21Z
2025-06-01 16:02:45.218298912,10833632,10833683,car_v_car,7.963862,3.3644097,0.8183598436862984,2.3670905,3.6376095,1.1190581,https://di-india-collab.flow-analytics.io/tools/replay/2025-06-01T16:02:35Z
2025-06-01 16:03:52.558653116,10834331,10834344,car_v_car,7.3989706,4.1499915,0.7372325230582828,1.782888,2.1876488,1.5666814,https://di-india-collab.flow-analytics.io/tools/replay/2025-06-01T16:03:42Z
2025-06-01 16:03:52.153362989,10834331,10834362,car_v_car,7.8609123,5.0717583,0.6356926164009917,1.5499383,2.4832785,0.11190581,https://di-india-collab.flow-analytics.io/tools/replay/2025-06-01T16:03:42Z
2025-06-01 16:03:54.346534014,10834344,10834368,car_v_car,7.819421,4.8789163,0.6588043382905026,1.6026962,2.4985383,0.55952907,https://di-india-collab.flow-analytics.io/tools/replay/2025-06-01T16:03:44Z
2025-06-01 16:05:16.568358898,10835634,10835664,car_v_car,7.996413,5.748251,0.5674649339524278,1.3911037,0.25785875,6.490537,https://di-india-collab.flow-analytics.io/tools/replay/2025-06-01T16:05:06Z
2025-06-01 16:06:25.352329016,10836388,10836594,car_v_car,7.1576314,2.54512,0.8916363318022742,2.8122962,2.727287,0.22381163,https://di-india-collab.flow-analytics.io/tools/replay/2025-06-01T16:06:15Z
2025-06-01 16:10:26.446096897,10840049,10840083,car_v_car,7.9450784,3.4606957,0.8092734732116948,2.2958038,3.4034066,2.6857395,https://di-india-collab.flow-analytics.io/tools/replay/2025-06-01T16:10:16Z
2025-06-01 16:10:35.043555975,10840083,10840155,car_v_car,7.3176064,3.008967,0.8524297314943848,2.4319332,2.483044,3.3571744,https://di-india-collab.flow-analytics.io/tools/replay/2025-06-01T16:10:25Z
2025-06-01 16:13:28.134073973,10842312,10842367,car_v_car,7.018965,5.63404,0.5656549263608083,1.2458138,2.0387163,3.580986,https://di-india-collab.flow-analytics.io/tools/replay/2025-06-01T16:13:18Z
2025-06-01 16:18:26.382849932,10845792,10845882,car_v_car,3.7299595,0.49016315,0.9986780003506937,7.6096287,1.7428281,159.01816,https://di-india-collab.flow-analytics.io/tools/replay/2025-06-01T16:18:16Z
2025-06-01 16:18:50.488533020,10846134,10846143,car_v_car,1.2902967,0.4248483,0.9999542870386756,3.0370762,2.6252937,1.0071523,https://di-india-collab.flow-analytics.io/tools/replay/2025-06-01T16:18:40Z
2025-06-01 16:20:39.647384882,10847545,10847571,car_v_car,1.5051993,0.4353537,0.9997552527790332,3.457417,1.1124744,0.8952465,https://di-india-collab.flow-analytics.io/tools/replay/2025-06-01T16:20:29Z
2025-06-01 16:22:42.418009996,10849123,10849138,car_v_car,7.5565577,5.2292933,0.6320253511709215,1.4450437,1.4536471,4.252421,https://di-india-collab.flow-analytics.io/tools/replay/2025-06-01T16:22:32Z
2025-06-01 16:22:44.203407049,10849138,10849162,car_v_car,7.7566757,3.6360016,0.7929198979404795,2.1332982,2.769219,2.6857395,https://di-india-collab.flow-analytics.io/tools/replay/2025-06-01T16:22:34Z
2025-06-01 16:24:49.809397936,10850513,10850545,car_v_car,4.0525546,4.8519187,0.932468484461335,0.8352479,0.13161707,3.6928918,https://di-india-collab.flow-analytics.io/tools/replay/2025-06-01T16:24:39Z
2025-06-01 16:25:03.676248074,10850842,10850854,car_v_car,6.894521,3.7929752,0.7636188594258414,1.817708,2.8394268,2.9095511,https://di-india-collab.flow-analytics.io/tools/replay/2025-06-01T16:24:53Z
2025-06-01 16:26:27.428251028,10851853,10851884,car_v_car,7.6347275,1.3784121,0.5788539575254207,5.5387845,4.530305,5.371479,https://di-india-collab.flow-analytics.io/tools/replay/2025-06-01T16:26:17Z
2025-06-01 16:27:05.987452984,10851983,10852249,car_v_car,4.5971103,1.862548,0.9449892733222766,2.4681835,2.7393425,1.3148932,https://di-india-collab.flow-analytics.io/tools/replay/2025-06-01T16:26:55Z
2025-06-01 16:28:47.229145050,10853715,10853754,car_v_car,7.99971,5.1280737,0.6291967826987223,1.5599835,2.1081614,2.6857395,https://di-india-collab.flow-analytics.io/tools/replay/2025-06-01T16:28:37Z
2025-06-01 16:30:25.865708113,10854633,10854794,car_v_car,6.40625,4.1868906,0.7325303402911972,1.5300734,1.6967322,0.22381163,https://di-india-collab.flow-analytics.io/tools/replay/2025-06-01T16:30:15Z
2025-06-01 16:30:45.741473913,10854794,10855012,car_v_car,7.6484666,36.26571,0.5210061653763882,0.21090078,0.41698647,0.8952465,https://di-india-collab.flow-analytics.io/tools/replay/2025-06-01T16:30:35Z
2025-06-01 16:40:14.292082071,10860187,10860321,car_v_car,7.1221857,5.5435357,0.5795547898598671,1.2847731,1.4208896,1.0071523,https://di-india-collab.flow-analytics.io/tools/replay/2025-06-01T16:40:04Z
2025-06-01 16:40:17.392194986,10860581,10860612,car_v_car,6.815323,4.082886,0.7413480525661922,1.6692414,2.0863085,0.7833407,https://di-india-collab.flow-analytics.io/tools/replay/2025-06-01T16:40:07Z
2025-06-01 16:40:38.081885099,10861078,10861397,car_v_car,6.989603,5.391319,0.6011287088060377,1.2964551,1.7391772,0.22381163,https://di-india-collab.flow-analytics.io/tools/replay/2025-06-01T16:40:28Z
2025-06-01 16:45:55.141592026,10865882,10865955,car_v_car,5.509314,1.4901595,0.9612934799502983,3.6971304,3.6170397,6.490537,https://di-india-collab.flow-analytics.io/tools/replay/2025-06-01T16:45:45Z
2025-06-01 16:47:57.455496073,10867583,10867615,car_v_car,7.907979,3.5386157,0.8009459174984295,2.2347662,3.2500296,2.1262105,https://di-india-collab.flow-analytics.io/tools/replay/2025-06-01T16:47:47Z
2025-06-01 16:48:30.356156111,10867615,10867794,car_v_car,5.045133,6.033609,0.5238077217412741,0.8361717,1.3196733,23.27641,https://di-india-collab.flow-analytics.io/tools/replay/2025-06-01T16:48:20Z
2025-06-01 16:48:27.159595966,10867692,10867794,car_v_car,7.112173,6.1290517,0.5045678478028672,1.1604035,1.2385962,2.7976453,https://di-india-collab.flow-analytics.io/tools/replay/2025-06-01T16:48:17Z
2025-06-01 16:55:13.827507019,10873225,10873241,car_v_car,6.7838416,5.7389026,0.5686990455500348,1.1820799,0.4378457,0.33571744,https://di-india-collab.flow-analytics.io/tools/replay/2025-06-01T16:55:03Z
2025-06-01 16:57:28.221201897,10874657,10874732,car_v_car,6.3724194,5.3277893,0.616600112854209,1.196072,1.3207448,5.5952907,https://di-india-collab.flow-analytics.io/tools/replay/2025-06-01T16:57:18Z
2025-06-01 16:58:46.461864948,10876183,10876204,car_v_car,7.7972975,4.3307614,0.7179804376633441,1.800445,2.332725,0.55952907,https://di-india-collab.flow-analytics.io/tools/replay/2025-06-01T16:58:36Z
2025-06-01 17:01:06.561307907,10878194,10878209,van_v_car,5.3488874,5.772573,0.8577381945191074,0.9266037,0.5342264,2.9095511,https://di-india-collab.flow-analytics.io/tools/replay/2025-06-01T17:00:56Z
2025-06-01 17:01:12.051625967,10878209,10878246,car_v_car,7.9054666,4.6398597,0.6826780883501651,1.7038159,2.3482747,0.6714349,https://di-india-collab.flow-analytics.io/tools/replay/2025-06-01T17:01:02Z
2025-06-01 17:06:13.159024954,10883224,10883241,van_v_truck,7.512181,1.7131443,0.9529951548286896,4.385025,2.804761,0.8952465,https://di-india-collab.flow-analytics.io/tools/replay/2025-06-01T17:06:03Z
2025-06-01 17:06:46.123711109,10883285,10883381,car_v_car,3.8721008,7.5209117,0.9372633288878108,0.5148446,0.1500988,25.066902,https://di-india-collab.flow-analytics.io/tools/replay/2025-06-01T17:06:36Z
2025-06-01 17:09:35.801465034,10885671,10885688,car_v_car,6.4322114,5.9394774,0.6021255150979694,1.0829592,1.2624829,3.2452686,https://di-india-collab.flow-analytics.io/tools/replay/2025-06-01T17:09:25Z
2025-06-01 17:11:26.732176065,10887975,10887977,van_v_car,7.3453455,5.1208043,0.6329899998284086,1.4344125,0.45336914,3.1333628,https://di-india-collab.flow-analytics.io/tools/replay/2025-06-01T17:11:16Z
2025-06-01 17:11:30.544204950,10887977,10888014,car_v_car,7.855693,4.367419,0.7124727959882181,1.7987039,2.6737816,0.8952465,https://di-india-collab.flow-analytics.io/tools/replay/2025-06-01T17:11:20Z
2025-06-01 17:12:38.988238096,10888162,10888184,car_v_car,7.362277,8.652896,0.637283500793324,0.85084546,0.8675175,1.3428698,https://di-india-collab.flow-analytics.io/tools/replay/2025-06-01T17:12:28Z
2025-06-01 17:12:31.298248053,10888878,10888978,car_v_car,7.8702397,5.0793734,0.6426216997716419,1.5494509,1.771538,3.3571744,https://di-india-collab.flow-analytics.io/tools/replay/2025-06-01T17:12:21Z
2025-06-01 17:15:44.833647013,10891014,10891358,car_v_car,7.9702816,4.208849,0.7345327871807139,1.8936962,2.930137,0.8952465,https://di-india-collab.flow-analytics.io/tools/replay/2025-06-01T17:15:34Z
2025-06-01 17:15:45.137588024,10891358,10891398,car_v_car,7.8240237,3.3244698,0.8236818195044171,2.353465,2.8949776,1.0071523,https://di-india-collab.flow-analytics.io/tools/replay/2025-06-01T17:15:35Z
2025-06-01 17:15:46.532126903,10891527,10891547,van_v_car,7.2163,4.9153357,0.743911812702257,1.4681195,1.3636007,1.1190581,https://di-india-collab.flow-analytics.io/tools/replay/2025-06-01T17:15:36Z
2025-06-01 17:15:47.230314970,10891547,10891569,car_v_car,7.9217377,4.001436,0.7664698390514647,1.9797237,1.764462,0.7833407,https://di-india-collab.flow-analytics.io/tools/replay/2025-06-01T17:15:37Z
2025-06-01 17:16:41.886960983,10892459,10892473,car_v_car,7.360304,6.1232023,0.5187584148519795,1.2020351,1.1892447,1.1190581,https://di-india-collab.flow-analytics.io/tools/replay/2025-06-01T17:16:31Z
2025-06-01 17:21:11.166547060,10895748,10895767,car_v_car,7.915277,6.0623193,0.5294356616320286,1.3056517,1.899954,1.1190581,https://di-india-collab.flow-analytics.io/tools/replay/2025-06-01T17:21:01Z
2025-06-01 17:21:17.059026957,10895851,10895867,car_v_car,7.006484,2.51547,0.8960414892191586,2.7853577,1.2123113,0.22381163,https://di-india-collab.flow-analytics.io/tools/replay/2025-06-01T17:21:07Z
2025-06-01 17:21:42.137393951,10896155,10896167,car_v_car,5.3015513,6.074344,0.5409053171969304,0.8727776,0.28953743,1.5666814,https://di-india-collab.flow-analytics.io/tools/replay/2025-06-01T17:21:32Z
2025-06-01 17:21:53.633152962,10896237,10896292,van_v_car,4.831764,4.430929,0.6916609823149494,1.0904629,2.0971498,2.5738337,https://di-india-collab.flow-analytics.io/tools/replay/2025-06-01T17:21:43Z
2025-06-01 17:22:24.946500063,10896643,10896664,car_v_car,7.5259967,6.14936,0.5148798157496668,1.2238666,1.68085,0.6714349,https://di-india-collab.flow-analytics.io/tools/replay/2025-06-01T17:22:14Z
2025-06-01 17:24:30.566451073,10897411,10897972,car_v_van,7.5504327,8.500664,0.6373858085408457,0.8882168,0.75948906,0.22381163,https://di-india-collab.flow-analytics.io/tools/replay/2025-06-01T17:24:20Z
2025-06-01 17:30:30.154089928,10902097,10902248,car_v_van,6.4478707,1.7733682,0.5067953802303107,3.6359458,3.8147645,1.1190581,https://di-india-collab.flow-analytics.io/tools/replay/2025-06-01T17:30:20Z
2025-06-01 17:30:30.348216057,10902226,10902246,car_v_van,7.770952,2.0809789,0.8409709975905563,3.7342772,2.9366322,23.724033,https://di-india-collab.flow-analytics.io/tools/replay/2025-06-01T17:30:20Z
2025-06-01 17:31:55.239901066,10903199,10903224,car_v_car,7.907979,5.2729764,0.610418070084287,1.4997183,1.4343793,1.1190581,https://di-india-collab.flow-analytics.io/tools/replay/2025-06-01T17:31:45Z
2025-06-01 17:34:56.649343967,10905331,10905397,car_v_car,7.696514,4.2873907,0.7217190960637286,1.7951511,0.76479423,0.22381163,https://di-india-collab.flow-analytics.io/tools/replay/2025-06-01T17:34:46Z
2025-06-01 17:35:33.606925011,10905878,10905908,van_v_car,7.809949,5.3607774,0.6028581983497949,1.4568688,2.7140293,0.6714349,https://di-india-collab.flow-analytics.io/tools/replay/2025-06-01T17:35:23Z
2025-06-01 17:35:49.973052025,10906037,10906059,car_v_car,7.462537,5.1293044,0.6331731379003775,1.4548829,1.6747789,3.6928918,https://di-india-collab.flow-analytics.io/tools/replay/2025-06-01T17:35:39Z
2025-06-01 17:35:47.969708920,10906057,10906059,car_v_car,6.416912,5.7780066,0.5535400670799828,1.1105754,1.3917418,1.0071523,https://di-india-collab.flow-analytics.io/tools/replay/2025-06-01T17:35:37Z
2025-06-01 17:47:56.156765938,10916851,10916867,car_v_car,7.71964,6.0277357,0.5244669949073013,1.2806865,1.8630917,2.461928,https://di-india-collab.flow-analytics.io/tools/replay/2025-06-01T17:47:46Z
2025-06-01 17:50:16.139995098,10918172,10918211,car_v_car,6.249863,2.6922781,0.8834464607623137,2.3214033,1.4542449,7.7215014,https://di-india-collab.flow-analytics.io/tools/replay/2025-06-01T17:50:06Z
2025-06-01 17:52:28.746380091,10919341,10919354,car_v_car,3.1402848,1.2417208,0.999048717554208,2.528978,0.40680218,17.345402,https://di-india-collab.flow-analytics.io/tools/replay/2025-06-01T17:52:18Z
2025-06-01 17:53:09.324197054,10919844,10919852,car_v_car,3.447429,6.79651,0.976889027423174,0.50723517,0.23219872,1.790493,https://di-india-collab.flow-analytics.io/tools/replay/2025-06-01T17:52:59Z
2025-06-01 17:57:34.539758921,10922970,10923042,car_v_car,7.8807178,6.8257833,0.6527165377306372,1.1545514,0.81613255,0.55952907,https://di-india-collab.flow-analytics.io/tools/replay/2025-06-01T17:57:24Z
2025-06-01 18:00:54.778743982,10925500,10925588,car_v_car,7.196886,6.0568094,0.5241488523672151,1.1882305,0.7187872,0.11190581,https://di-india-collab.flow-analytics.io/tools/replay/2025-06-01T18:00:44Z
2025-06-01 18:01:57.637485027,10925934,10926033,car_v_car,7.03164,4.684572,0.8805166569683008,1.5010208,1.3721409,0.6714349,https://di-india-collab.flow-analytics.io/tools/replay/2025-06-01T18:01:47Z
2025-06-01 18:18:34.462711096,10935293,10935324,car_v_car,7.4994507,7.058682,0.5312000874765215,1.0624435,0.91396666,0.55952907,https://di-india-collab.flow-analytics.io/tools/replay/2025-06-01T18:18:24Z
2025-06-01 18:20:33.279512882,10936238,10936713,car_v_truck,5.1948366,0.62557346,0.7483124985848565,8.304119,6.4033737,90.97842,https://di-india-collab.flow-analytics.io/tools/replay/2025-06-01T18:20:23Z
2025-06-01 18:23:37.528898954,10938963,10939014,car_v_car,7.9230924,4.0798187,0.744737285397377,1.9420208,2.5723796,3.021457,https://di-india-collab.flow-analytics.io/tools/replay/2025-06-01T18:23:27Z
2025-06-01 18:23:45.373595953,10939064,10939079,car_v_car,7.69672,6.055103,0.5233181804594306,1.271113,1.6717741,1.1190581,https://di-india-collab.flow-analytics.io/tools/replay/2025-06-01T18:23:35Z
2025-06-01 18:24:42.329386950,10939630,10939633,car_v_car,7.5400624,6.1297183,0.5233687187419928,1.230083,1.0392628,2.7976453,https://di-india-collab.flow-analytics.io/tools/replay/2025-06-01T18:24:32Z
2025-06-01 18:24:47.622663021,10939698,10939701,car_v_van,6.086133,4.798988,0.6484416313503776,1.2682118,1.3111105,0.44762325,https://di-india-collab.flow-analytics.io/tools/replay/2025-06-01T18:24:37Z
2025-06-01 18:25:07.080216885,10939701,10939724,van_v_car,7.873363,5.478717,0.5877598987973829,1.4370816,2.4853473,0.11190581,https://di-india-collab.flow-analytics.io/tools/replay/2025-06-01T18:24:57Z
2025-06-01 18:25:03.675384045,10939838,10939912,bus_v_car,7.712168,4.1059437,0.7429549535625399,1.8782938,0.5711353,18.128742,https://di-india-collab.flow-analytics.io/tools/replay/2025-06-01T18:24:53Z
2025-06-01 18:27:28.455760002,10941146,10941168,car_v_car,7.9596457,6.3235927,0.5007067491018989,1.2587221,1.2992332,1.3428698,https://di-india-collab.flow-analytics.io/tools/replay/2025-06-01T18:27:18Z
2025-06-01 18:28:36.926611900,10941928,10941966,car_v_car,5.652882,6.0493546,0.5300559841135131,0.9344604,0.8469484,0.33571744,https://di-india-collab.flow-analytics.io/tools/replay/2025-06-01T18:28:26Z
2025-06-01 18:33:20.985169888,10944792,10944911,car_v_car,7.2503533,3.2214558,0.7265139378460179,2.250645,1.4748112,6.490537,https://di-india-collab.flow-analytics.io/tools/replay/2025-06-01T18:33:10Z
2025-06-01 18:47:07.384942055,10954821,10954852,car_v_car,7.9003344,4.2819138,0.7218783985449282,1.8450475,2.4230757,1.790493,https://di-india-collab.flow-analytics.io/tools/replay/2025-06-01T18:46:57Z
2025-06-01 18:48:06.175813913,10955270,10955482,car_v_car,5.488848,4.0371914,0.7618472802716205,1.359571,1.3805037,11.666181,https://di-india-collab.flow-analytics.io/tools/replay/2025-06-01T18:47:56Z
2025-06-01 18:48:32.149056911,10955639,10955810,car_v_car,7.12075,5.5640717,0.5874211222227349,1.2797732,1.3615993,0.33571744,https://di-india-collab.flow-analytics.io/tools/replay/2025-06-01T18:48:22Z
2025-06-01 18:49:31.659369946,10956171,10956182,car_v_car,7.512266,3.9591196,0.7568459124475237,1.8974588,1.810139,4.909868,https://di-india-collab.flow-analytics.io/tools/replay/2025-06-01T18:49:21Z
2025-06-01 18:51:33.462035894,10957719,10957734,car_v_car,4.248736,3.6356483,0.7981083259692172,1.1686323,1.48381,1.9023988,https://di-india-collab.flow-analytics.io/tools/replay/2025-06-01T18:51:23Z
2025-06-01 18:57:40.199826002,10961862,10962062,car_v_van,7.067413,5.0632534,0.6347928379639485,1.3958244,1.808202,2.2381163,https://di-india-collab.flow-analytics.io/tools/replay/2025-06-01T18:57:30Z
2025-06-01 19:09:50.148741007,10969917,10969921,car_v_car,7.549964,3.6359675,0.5363419620629293,2.0764663,0.9990339,1.6785872,https://di-india-collab.flow-analytics.io/tools/replay/2025-06-01T19:09:40Z
2025-06-01 19:14:05.166485071,10971990,10972067,car_v_car,7.6651187,5.943137,0.5420209245752547,1.2897428,1.2999105,0.44762325,https://di-india-collab.flow-analytics.io/tools/replay/2025-06-01T19:13:55Z
2025-06-01 19:16:38.361964941,10973987,10974006,car_v_car,7.6306973,2.9725878,0.8547322282924692,2.5670216,3.4657712,2.6857395,https://di-india-collab.flow-analytics.io/tools/replay/2025-06-01T19:16:28Z
2025-06-01 19:16:55.051223993,10974186,10974221,car_v_car,7.819809,3.3032923,0.8241747756170708,2.3672774,3.5388017,0.6714349,https://di-india-collab.flow-analytics.io/tools/replay/2025-06-01T19:16:45Z
2025-06-01 19:21:14.144860983,10976644,10976656,car_v_car,7.5566382,5.0802336,0.6367637802558237,1.4874588,2.0332685,0.6714349,https://di-india-collab.flow-analytics.io/tools/replay/2025-06-01T19:21:04Z
2025-06-01 19:24:56.783871889,10978646,10978669,car_v_car,7.8756976,9.357162,0.5540457256608874,0.8416758,0.519145,0.0,https://di-india-collab.flow-analytics.io/tools/replay/2025-06-01T19:24:46Z
2025-06-01 19:27:42.741055012,10979963,10980386,car_v_car,7.0499067,5.473247,0.6871137371428062,1.2880666,1.5283608,3.6928918,https://di-india-collab.flow-analytics.io/tools/replay/2025-06-01T19:27:32Z
2025-06-01 19:29:57.932440042,10981842,10981864,car_v_car,7.783258,3.1244242,0.8412223359363671,2.4911015,3.8047786,1.790493,https://di-india-collab.flow-analytics.io/tools/replay/2025-06-01T19:29:47Z
2025-06-01 19:31:03.868959904,10982426,10982445,van_v_car,3.9793472,1.5760748,0.9943596552442748,2.5248466,0.4755745,2.2381163,https://di-india-collab.flow-analytics.io/tools/replay/2025-06-01T19:30:53Z
2025-06-01 19:33:49.972083092,10984095,10984123,car_v_car,7.828624,1.0007986,0.926178425064364,7.822377,4.211955,5.9310083,https://di-india-collab.flow-analytics.io/tools/replay/2025-06-01T19:33:39Z
2025-06-01 19:34:57.930036068,10984742,10984810,car_v_car,7.494855,2.8485482,0.8667744831345677,2.631114,2.42021,4.0286093,https://di-india-collab.flow-analytics.io/tools/replay/2025-06-01T19:34:47Z
2025-06-01 19:44:14.724016905,10989760,10989825,car_v_car,7.786194,5.623525,0.5700470636590628,1.3845752,2.0401125,0.3636939,https://di-india-collab.flow-analytics.io/tools/replay/2025-06-01T19:44:04Z
2025-06-01 19:47:52.823833942,10991385,10991393,car_v_car,7.439145,5.1616564,0.6264714560245602,1.4412321,1.8890581,2.9095511,https://di-india-collab.flow-analytics.io/tools/replay/2025-06-01T19:47:42Z
2025-06-01 19:54:10.939985037,10993953,10993974,car_v_car,7.8670597,5.1267824,0.6267316657073316,1.5345024,1.8404493,1.5666814,https://di-india-collab.flow-analytics.io/tools/replay/2025-06-01T19:54:00Z
2025-06-01 19:55:03.261612892,10994391,10994407,van_v_car,7.8222594,4.3815556,0.7169189028550931,1.7852699,2.6906047,2.1262105,https://di-india-collab.flow-analytics.io/tools/replay/2025-06-01T19:54:53Z
2025-06-01 19:56:31.346713066,10995113,10995148,car_v_car,7.2968583,5.047501,0.6404018146821789,1.4456378,1.8792166,0.44762325,https://di-india-collab.flow-analytics.io/tools/replay/2025-06-01T19:56:21Z
2025-06-01 19:57:53.677308083,10995982,10996005,car_v_car,7.6294665,6.5276837,0.5274969464557342,1.1687862,0.5906992,1.9023988,https://di-india-collab.flow-analytics.io/tools/replay/2025-06-01T19:57:43Z
2025-06-01 20:01:51.980340958,10998313,10998344,car_v_car,7.3623433,4.799109,0.6714445234145703,1.5341063,1.9464989,0.6714349,https://di-india-collab.flow-analytics.io/tools/replay/2025-06-01T20:01:41Z
2025-06-01 20:01:53.799710035,10998326,10998353,car_v_car,7.7859707,4.7598214,0.6685802187609144,1.6357695,2.0025947,0.0,https://di-india-collab.flow-analytics.io/tools/replay/2025-06-01T20:01:43Z
2025-06-01 20:08:40.323952913,11002047,11002067,car_v_car,6.073142,5.054045,0.648437859829109,1.2016399,2.5896306,0.8952465,https://di-india-collab.flow-analytics.io/tools/replay/2025-06-01T20:08:30Z
2025-06-01 20:13:01.973532915,11003809,11003819,car_v_car,3.4387782,4.817585,0.6976859402215264,0.7137971,1.5836444,2.6857395,https://di-india-collab.flow-analytics.io/tools/replay/2025-06-01T20:12:51Z
2025-06-01 20:17:40.487833977,11006507,11006540,car_v_car,7.3410077,6.161457,0.5092116117900725,1.1914402,1.5964454,0.6714349,https://di-india-collab.flow-analytics.io/tools/replay/2025-06-01T20:17:30Z
2025-06-01 20:17:55.878314018,11006659,11006675,car_v_car,7.6920877,5.392805,0.597979018254077,1.4263612,2.288322,2.9095511,https://di-india-collab.flow-analytics.io/tools/replay/2025-06-01T20:17:45Z
2025-06-01 20:19:55.056462049,11007650,11007681,car_v_car,7.385916,5.142799,0.6289906569479532,1.4361666,0.56004,1.9023988,https://di-india-collab.flow-analytics.io/tools/replay/2025-06-01T20:19:45Z
2025-06-01 20:27:26.277885914,11010444,11010473,car_v_car,7.652614,1.1607085,0.9764449257291692,6.5930543,0.42784333,6.714349,https://di-india-collab.flow-analytics.io/tools/replay/2025-06-01T20:27:16Z
2025-06-01 20:30:00.330262899,11011427,11011478,car_v_car,7.886265,5.383743,0.5976201058544867,1.4648294,1.2985663,2.5038927,https://di-india-collab.flow-analytics.io/tools/replay/2025-06-01T20:29:50Z
2025-06-01 20:34:47.829910040,11012734,11013125,bus_v_van,5.4575777,3.4341042,0.9198856492113994,1.5892289,1.95712,0.22381163,https://di-india-collab.flow-analytics.io/tools/replay/2025-06-01T20:34:37Z
2025-06-01 20:37:51.693042994,11014127,11014402,car_v_car,7.04334,5.1321974,0.6261281224802557,1.372383,0.20390058,1.0071523,https://di-india-collab.flow-analytics.io/tools/replay/2025-06-01T20:37:41Z
2025-06-01 20:45:47.450468063,11017915,11018061,car_v_car,6.852609,2.17437,0.9211310367551188,3.1515377,2.6711998,0.4196468,https://di-india-collab.flow-analytics.io/tools/replay/2025-06-01T20:45:37Z
2025-06-01 20:45:25.671567917,11017936,11017958,car_v_car,5.0699215,4.6895804,0.6815968426255905,1.0811034,0.7466841,2.7976453,https://di-india-collab.flow-analytics.io/tools/replay/2025-06-01T20:45:15Z
2025-06-01 21:01:27.247303963,11024700,11024896,car_v_car,6.541228,3.440398,0.8122195518166772,1.9012997,1.269407,1.9023988,https://di-india-collab.flow-analytics.io/tools/replay/2025-06-01T21:01:17Z
2025-06-01 21:01:22.059830904,11024877,11024896,car_v_car,7.794354,3.1119392,0.7250089883949041,2.5046613,2.593948,2.1262105,https://di-india-collab.flow-analytics.io/tools/replay/2025-06-01T21:01:12Z
2025-06-01 21:01:28.458585978,11024918,11024922,car_v_car,7.4349556,4.904338,0.6599118014734101,1.5159959,1.8868935,2.0143046,https://di-india-collab.flow-analytics.io/tools/replay/2025-06-01T21:01:18Z
2025-06-01 21:03:21.771138906,11025629,11025682,car_v_car,7.2641463,5.6902676,0.5648374042517311,1.2765913,0.11618507,0.33571744,https://di-india-collab.flow-analytics.io/tools/replay/2025-06-01T21:03:11Z
2025-06-01 21:13:36.373583078,11029444,11029465,car_v_car,7.7102222,4.4255767,0.7515520194387958,1.742196,1.6873903,2.0143046,https://di-india-collab.flow-analytics.io/tools/replay/2025-06-01T21:13:26Z
2025-06-01 21:18:20.622976065,11031439,11031682,car_v_car,7.9702816,4.9440365,0.6496381916980392,1.6121001,0.423666,1.0071523,https://di-india-collab.flow-analytics.io/tools/replay/2025-06-01T21:18:10Z
2025-06-01 21:25:00.170684099,11033470,11033482,car_v_car,7.643484,4.1148653,0.7459729620034581,1.8575296,2.2120342,0.11190581,https://di-india-collab.flow-analytics.io/tools/replay/2025-06-01T21:24:50Z
2025-06-01 21:25:45.153563976,11033682,11033690,car_v_car,7.990534,5.5049133,0.5865061245192995,1.4515276,2.2520733,0.11190581,https://di-india-collab.flow-analytics.io/tools/replay/2025-06-01T21:25:35Z
2025-06-01 21:27:21.269524097,11034055,11034146,car_v_car,6.840128,5.647951,0.5714643982559291,1.2110813,0.74958265,0.33571744,https://di-india-collab.flow-analytics.io/tools/replay/2025-06-01T21:27:11Z
2025-06-01 22:09:25.773055077,11047683,11047697,car_v_car,7.0589733,5.488108,0.5896292762211647,1.2862307,0.09549737,3.1333628,https://di-india-collab.flow-analytics.io/tools/replay/2025-06-01T22:09:15Z
2025-06-01 22:15:46.433573961,11049565,11049570,car_v_car,7.977645,3.3789945,0.5406364970373239,2.3609524,4.027211,9.400088,https://di-india-collab.flow-analytics.io/tools/replay/2025-06-01T22:15:36Z
2025-06-01 22:18:19.663981915,11050465,11050529,car_v_car,7.7881026,6.2137337,0.505657351714869,1.2533692,0.052892566,7.273878,https://di-india-collab.flow-analytics.io/tools/replay/2025-06-01T22:18:09Z
